project_code,project_name,ministry,implementing_agency,sector,sub_sector,state,district,sanctioned_cost_cr,revised_cost_cr,expenditure_incurred_cr,funding_type,original_start_date,actual_start_date,original_completion_date,revised_completion_date,actual_completion_date,physical_progress_pct,expected_progress_pct,current_status,land_acquisition_pct,clearance_status,contract_type,contractor_name,delay_reason_primary,delay_reason_secondary,months_of_delay,last_updated_date
NH-3001,NH Corridor Package-3,Ministry of Road Transport & Highways,NHAI,Roads & Highways,Bypass,Assam,Kamrup,520,645,238,Budgetary Support,2022-01-10,2022-03-15,2026-03-15,2026-09-15,,38.5,65,Severely Delayed,72,Partial,EPC,Garuda Infratech,Land acquisition,Utility shifting,6,2026-08-30
PW-3002,Thermal Plant Unit-2,Ministry of Power,NTPC,Power,Solar Park,Odisha,Angul,950,1020,596,External Assistance,2021-04-01,2021-06-01,2025-12-01,2027-06-01,,58,65,Slight Delay,90,Approved,Turnkey,Bharat Constructions,Material supply,,18,2026-09-05
RA-3003,Railway Electrification Phase-4,Ministry of Railways,IRCON,Railways,New Line,Maharashtra,Nagpur,410,420,332,Budgetary Support,2023-01-10,2023-01-20,2027-01-20,,,82,80,On Schedule,100,Approved,Item Rate,Indus Civil Works,,,0,2026-09-12
WA-2004,"Canal Network Unit-5, Indore",Ministry of Jal Shakti,WAPCOS,Water Resources,Irrigation,Madhya Pradesh,Bhopal,1701,1723,1706,PPP,2018-04-05,2018-05-05,2020-10-05,2020-12-05,,98.6,99,Slight Delay,96,Partial,Turnkey,Indus Civil Works,,,2,2026-08-24
PE-2005,"Refinery Unit Package-4, Nizamabad",Ministry of Petroleum & Natural Gas,IOCL,Petroleum & Natural Gas,Pipeline,Telangana,Warangal,2748,2784,2756,PPP,2020-02-05,2020-03-05,2024-10-05,2024-12-05,,100,99,Completed,99,Partial,Item Rate,Lakshmi Engineering,,,2,2026-09-12
RO-2006,"Bypass Package-2, Dibrugarh",Ministry of Road Transport & Highways,NHAI,Roads & Highways,National Highway,Assam,Nagaon,1408,1462,1418,PPP,2020-08-05,2020-09-05,2023-04-05,2023-05-05,,95.3,99,On Schedule,92,Partial,HAM,Aarvi Infra Ltd,,,1,2026-08-24
UR-2007,"Sewerage Package-3, Bardhaman",Ministry of Housing & Urban Affairs,Urban Development Authority,Urban Development,Sewerage,West Bengal,Nadia,803,942,666,Internal & Extra Budgetary Resources,2022-08-05,2022-10-05,2025-11-05,2027-01-05,,72.2,99,Severely Delayed,61,Pending,HAM,Bharat Constructions,Design revision,Right of way,14,2026-08-14
RO-2008,"Bypass Section-9, Mysuru",Ministry of Road Transport & Highways,NHIDCL,Roads & Highways,National Highway,Karnataka,Bengaluru Rural,3314,3319,3286,Budgetary Support,2017-06-05,2017-06-05,2021-05-05,2021-06-05,,98.3,99,On Schedule,98,Approved,HAM,Eastern Projects Ltd,,,1,2026-09-16
UR-2009,"Sewerage Section-5, Mysuru",Ministry of Housing & Urban Affairs,Metro Rail Corporation,Urban Development,Metro Rail,Karnataka,Mysuru,2557,2906,2225,PPP,2019-08-05,2020-03-05,2026-03-05,2027-02-05,,80.4,99,Delayed,71,Partial,HAM,Garuda Infratech,Forest/environment clearance,Material supply,11,2026-09-01
PO-2010,"Berth Phase-5, Patna","Ministry of Ports, Shipping & Waterways",Port Authority,Ports & Shipping,Berth,Bihar,Patna,1082,1125,1099,PPP,2021-06-05,2021-06-05,2026-04-05,2026-05-05,,97.5,99,On Schedule,100,Partial,Item Rate,Indus Civil Works,,,1,2026-09-03
UR-2011,"Water Supply Unit-2, Thane",Ministry of Housing & Urban Affairs,Urban Development Authority,Urban Development,Sewerage,Maharashtra,Thane,3830,3939,3900,External Assistance,2018-12-05,2019-01-05,2023-05-05,,,100,99,Completed,97,Approved,Turnkey,Lakshmi Engineering,,,0,2026-09-16
RA-2012,"Terminal Phase-4, New Delhi",Ministry of Railways,IRCON,Railways,Doubling,Delhi,New Delhi,421,428,424,PPP,2020-04-05,2020-04-05,2022-09-05,2022-10-05,,100,99,Completed,95,Approved,Item Rate,Meghna Infra,,,1,2026-08-23
RO-2013,"Bypass Phase-7, Patna",Ministry of Road Transport & Highways,State PWD Wing,Roads & Highways,National Highway,Bihar,Muzaffarpur,2335,2361,2337,Budgetary Support,2019-08-05,2019-08-05,2022-04-05,2022-05-05,,98.4,99,On Schedule,96,Partial,HAM,Deepak Engineering,,,1,2026-09-17
PO-2014,"Hydro Section-6, Khordha",Ministry of Power,POWERGRID,Power,Hydro,Odisha,Angul,685,689,682,External Assistance,2022-04-05,2022-04-05,2026-02-05,2026-04-05,,100,99,Completed,96,Approved,BOT,Himalaya Builders,,,2,2026-09-15
PO-2015,"Thermal Unit-8, Kutch",Ministry of Power,NHPC,Power,Transmission,Gujarat,Kutch,1563,1591,1575,PPP,2019-08-05,2019-10-05,2024-02-05,,,97.8,99,On Schedule,98,Approved,Turnkey,Aarvi Infra Ltd,,,0,2026-09-05
PO-2016,"Solar Park Unit-8, Salem",Ministry of Power,POWERGRID,Power,Transmission,Tamil Nadu,Madurai,1042,1063,987,PPP,2018-09-05,2018-09-05,2021-12-05,2022-02-05,,96.3,99,Slight Delay,92,Approved,Turnkey,Indus Civil Works,,,2,2026-09-15
UR-2017,"Water Supply Unit-4, Rangareddy",Ministry of Housing & Urban Affairs,Municipal Corporation,Urban Development,Metro Rail,Telangana,Rangareddy,1199,1251,1238,Internal & Extra Budgetary Resources,2020-08-05,2020-09-05,2024-03-05,,,96.6,99,On Schedule,99,Approved,HAM,Konark EPC,,,0,2026-08-23
PE-2018,"Pipeline Package-4, Surat",Ministry of Petroleum & Natural Gas,GAIL,Petroleum & Natural Gas,Refinery Unit,Gujarat,Surat,408,449,254,External Assistance,2023-04-05,2023-09-05,2028-09-05,2029-03-05,,53.7,61,Delayed,83,Partial,HAM,Himalaya Builders,Design revision,,6,2026-08-26
WA-2019,"Canal Network Package-5, Jodhpur",Ministry of Jal Shakti,NWDA,Water Resources,Flood Control,Rajasthan,Kota,2316,2375,2327,PPP,2022-10-05,2022-11-05,2026-03-05,2026-04-05,,96.6,99,On Schedule,95,Approved,HAM,Aarvi Infra Ltd,,,1,2026-08-30
PO-2020,"Transmission Package-3, Patna",Ministry of Power,NTPC,Power,Transmission,Bihar,Patna,4072,4223,4181,Internal & Extra Budgetary Resources,2021-02-05,2021-02-05,2025-06-05,2025-08-05,,95.7,99,Slight Delay,96,Partial,Turnkey,Garuda Infratech,,,2,2026-08-21
PO-2021,"Berth Package-6, Kutch","Ministry of Ports, Shipping & Waterways",IWAI,Ports & Shipping,Port Connectivity,Gujarat,Surat,982,1024,967,Budgetary Support,2022-02-05,2022-03-05,2027-05-05,2027-06-05,,87.3,88,On Schedule,96,Partial,Turnkey,Deepak Engineering,,,1,2026-09-07
PO-2022,"Hydro Unit-6, Kozhikode",Ministry of Power,POWERGRID,Power,Hydro,Kerala,Ernakulam,2438,2483,2205,External Assistance,2022-10-05,2022-12-05,2027-06-05,2027-08-05,,87.1,84,Slight Delay,93,Approved,Item Rate,Deepak Engineering,,,2,2026-09-07
PO-2023,"Dredging Section-9, Thrissur","Ministry of Ports, Shipping & Waterways",Port Authority,Ports & Shipping,Port Connectivity,Kerala,Thrissur,2393,2799,2331,Internal & Extra Budgetary Resources,2019-02-05,2019-05-05,2022-12-05,2024-05-05,,75.7,99,Severely Delayed,71,Partial,HAM,Garuda Infratech,Land acquisition,Adverse weather,17,2026-08-30
RA-2024,"New Line Phase-6, Kota",Ministry of Railways,RVNL,Railways,Doubling,Rajasthan,Kota,2923,2951,2804,PPP,2022-03-05,2022-03-05,2026-10-05,,,95.2,99,On Schedule,96,Approved,Turnkey,Lakshmi Engineering,,,0,2026-08-22
CI-2025,"Cargo Complex Package-6, Howrah",Ministry of Civil Aviation,AAI,Civil Aviation,ATC Upgrade,West Bengal,Nadia,3849,3974,3668,PPP,2018-09-05,2018-10-05,2024-04-05,2024-05-05,,97.2,99,On Schedule,95,Partial,BOT,Himalaya Builders,,,1,2026-09-06
RO-2026,"Expressway Unit-1, Jodhpur",Ministry of Road Transport & Highways,NHIDCL,Roads & Highways,National Highway,Rajasthan,Jaipur,471,483,478,PPP,2019-04-05,2019-06-05,2021-11-05,2021-12-05,,100,99,Completed,99,Partial,Item Rate,Konark EPC,,,1,2026-09-15
UR-2027,"Metro Rail Phase-4, Jaipur",Ministry of Housing & Urban Affairs,Municipal Corporation,Urban Development,Smart City,Rajasthan,Kota,3471,4067,2790,PPP,2018-02-05,2018-04-05,2022-12-05,2023-11-05,,70.5,99,Delayed,68,Partial,HAM,Garuda Infratech,Design revision,Utility shifting,11,2026-08-27
RA-2028,"Doubling Section-6, Kota",Ministry of Railways,RVNL,Railways,New Line,Rajasthan,Jodhpur,933,935,925,Internal & Extra Budgetary Resources,2022-09-05,2022-11-05,2025-05-05,2025-07-05,,98.9,99,Slight Delay,97,Partial,HAM,Garuda Infratech,,,2,2026-09-10
PO-2029,"Berth Section-8, Nizamabad","Ministry of Ports, Shipping & Waterways",Port Authority,Ports & Shipping,Dredging,Telangana,Nizamabad,1616,1737,1513,PPP,2022-05-05,2022-08-05,2026-01-05,2026-11-05,,85.3,99,Delayed,96,Approved,EPC,Lakshmi Engineering,Material supply,,10,2026-08-26
WA-2030,"Irrigation Phase-4, Visakhapatnam",Ministry of Jal Shakti,State Irrigation Dept,Water Resources,Irrigation,Andhra Pradesh,Kurnool,2374,2384,2210,Internal & Extra Budgetary Resources,2021-04-05,2021-04-05,2026-09-05,2026-11-05,,96.1,99,Slight Delay,95,Approved,BOT,Meghna Infra,,,2,2026-09-17
PO-2031,"Hydro Section-2, Visakhapatnam",Ministry of Power,NHPC,Power,Thermal,Andhra Pradesh,Kurnool,2819,2819,2791,Budgetary Support,2019-01-05,2019-03-05,2024-04-05,,,100,99,Completed,98,Partial,EPC,Deepak Engineering,,,0,2026-09-08
TE-2032,"Optical Fibre Unit-3, Bengaluru Rural",Ministry of Communications,BSNL,Telecom,Data Centre,Karnataka,Mysuru,1851,1868,1753,Budgetary Support,2021-10-05,2021-10-05,2025-08-05,2025-09-05,,94.2,99,On Schedule,100,Approved,BOT,Chetak EPC Pvt Ltd,,,1,2026-08-24
UR-2033,"Smart City Unit-2, Bengaluru Rural",Ministry of Housing & Urban Affairs,Municipal Corporation,Urban Development,Metro Rail,Karnataka,Mysuru,726,750,743,Budgetary Support,2019-02-05,2019-03-05,2021-10-05,2021-12-05,,97.4,99,Slight Delay,95,Approved,EPC,Meghna Infra,,,2,2026-09-06
PE-2034,"Pipeline Section-7, Gorakhpur",Ministry of Petroleum & Natural Gas,IOCL,Petroleum & Natural Gas,City Gas,Uttar Pradesh,Gorakhpur,3957,4364,4095,Budgetary Support,2022-09-05,2023-01-05,2025-06-05,2026-04-05,,87.4,99,Delayed,94,Approved,Item Rate,Nirvana Projects Ltd,Material supply,,10,2026-09-14
PE-2035,"Pipeline Section-8, Patna",Ministry of Petroleum & Natural Gas,GAIL,Petroleum & Natural Gas,City Gas,Bihar,Patna,3976,4132,3941,External Assistance,2022-05-05,2022-06-05,2026-06-05,,,98.7,99,On Schedule,96,Approved,BOT,Nirvana Projects Ltd,,,0,2026-08-24
WA-2036,"Irrigation Phase-7, Mysuru",Ministry of Jal Shakti,State Irrigation Dept,Water Resources,Dam,Karnataka,Bengaluru Rural,723,875,664,PPP,2018-11-05,2019-05-05,2024-03-05,2025-06-05,,80.7,99,Severely Delayed,78,Partial,Turnkey,Nirvana Projects Ltd,Adverse weather,Forest/environment clearance,15,2026-09-04
PE-2037,"Refinery Unit Unit-3, Belagavi",Ministry of Petroleum & Natural Gas,IOCL,Petroleum & Natural Gas,Refinery Unit,Karnataka,Bengaluru Rural,112,117,110,Budgetary Support,2019-08-05,2019-08-05,2024-03-05,2024-04-05,,96.1,99,On Schedule,98,Approved,Item Rate,Garuda Infratech,,,1,2026-08-27
TE-2038,"Data Centre Section-7, Kurnool",Ministry of Communications,BBNL,Telecom,Data Centre,Andhra Pradesh,Visakhapatnam,1688,1764,1746,Internal & Extra Budgetary Resources,2020-09-05,2020-11-05,2024-01-05,2024-02-05,,100,99,Completed,97,Partial,Item Rate,Konark EPC,,,1,2026-09-04
RO-2039,"Bridge Section-5, Howrah",Ministry of Road Transport & Highways,State PWD Wing,Roads & Highways,National Highway,West Bengal,Nadia,4008,4386,4044,Budgetary Support,2021-06-05,2022-01-05,2025-03-05,2025-11-05,,93.1,99,Delayed,93,Partial,BOT,Lakshmi Engineering,Contractor performance,,8,2026-08-26
PE-2040,"City Gas Package-4, Mysuru",Ministry of Petroleum & Natural Gas,ONGC,Petroleum & Natural Gas,City Gas,Karnataka,Bengaluru Rural,1313,1365,1326,Internal & Extra Budgetary Resources,2017-12-05,2018-01-05,2021-06-05,2021-07-05,,94.6,99,On Schedule,97,Approved,Item Rate,Bharat Constructions,,,1,2026-08-23
RO-2041,"Expressway Section-6, Jaipur",Ministry of Road Transport & Highways,NHAI,Roads & Highways,Bridge,Rajasthan,Jodhpur,1131,1174,1112,Budgetary Support,2023-11-05,2023-12-05,2026-12-05,2027-01-05,,95.1,93,On Schedule,96,Approved,HAM,Nirvana Projects Ltd,,,1,2026-09-18
RO-2042,"Expressway Package-6, Howrah",Ministry of Road Transport & Highways,NHIDCL,Roads & Highways,Expressway,West Bengal,Nadia,1882,1965,1931,PPP,2020-06-05,2020-08-05,2023-08-05,2023-10-05,,98,99,Slight Delay,94,Approved,EPC,Indus Civil Works,,,2,2026-09-11
UR-2043,"Sewerage Package-1, Kota",Ministry of Housing & Urban Affairs,Municipal Corporation,Urban Development,Smart City,Rajasthan,Jaipur,751,766,758,External Assistance,2019-11-05,2019-11-05,2024-04-05,2024-05-05,,100,99,Completed,97,Approved,BOT,Aarvi Infra Ltd,,,1,2026-09-06
TE-2044,"Rural Connectivity Phase-5, Jaipur",Ministry of Communications,BSNL,Telecom,Optical Fibre,Rajasthan,Jaipur,890,938,891,PPP,2018-08-05,2019-01-05,2022-05-05,2023-02-05,,87.1,99,Delayed,92,Partial,EPC,Aarvi Infra Ltd,Design revision,,9,2026-09-13
CI-2045,"Terminal Building Section-4, Gaya",Ministry of Civil Aviation,AAI,Civil Aviation,Cargo Complex,Bihar,Patna,3679,3790,3731,PPP,2020-11-05,2020-12-05,2026-10-05,2026-11-05,,100,99,Completed,97,Approved,BOT,Bharat Constructions,,,1,2026-09-08
CI-2046,"ATC Upgrade Section-5, Guntur",Ministry of Civil Aviation,AAI,Civil Aviation,Terminal Building,Andhra Pradesh,Visakhapatnam,3358,3564,2014,External Assistance,2022-06-05,2022-09-05,2028-04-05,2029-02-05,,58.6,72,Delayed,89,Approved,EPC,Konark EPC,Litigation,,10,2026-09-02
WA-2047,"Canal Network Phase-4, Nagpur",Ministry of Jal Shakti,WAPCOS,Water Resources,Dam,Maharashtra,Nashik,135,149,131,Budgetary Support,2021-10-05,2021-12-05,2024-10-05,2025-06-05,,90.4,99,Delayed,86,Partial,EPC,Meghna Infra,Adverse weather,,8,2026-09-05
PO-2048,"Terminal Package-2, South West Delhi","Ministry of Ports, Shipping & Waterways",Sagarmala Unit,Ports & Shipping,Dredging,Delhi,South West Delhi,2572,2952,2154,Budgetary Support,2019-04-05,2019-10-05,2022-09-05,2024-02-05,,70.1,99,Severely Delayed,72,Partial,BOT,Lakshmi Engineering,Land acquisition,Utility shifting,17,2026-08-01
WA-2049,"Canal Network Unit-7, Muzaffarpur",Ministry of Jal Shakti,State Irrigation Dept,Water Resources,Canal Network,Bihar,Gaya,3413,3434,3134,External Assistance,2020-01-05,2020-01-05,2023-07-05,,,95.9,99,On Schedule,98,Approved,Item Rate,Bharat Constructions,,,0,2026-08-27
TE-2050,"Data Centre Section-2, Jaipur",Ministry of Communications,BBNL,Telecom,Tower Network,Rajasthan,Jaipur,1161,1247,1196,External Assistance,2021-01-05,2021-05-05,2024-05-05,2025-03-05,,93.9,99,Delayed,82,Approved,HAM,Chetak EPC Pvt Ltd,Funds constraint,,10,2026-09-10
RO-2051,"Bridge Package-8, Angul",Ministry of Road Transport & Highways,NHAI,Roads & Highways,National Highway,Odisha,Sundargarh,3922,4693,3684,Budgetary Support,2022-09-05,2022-11-05,2025-12-05,2027-09-05,,80.5,99,Severely Delayed,63,Partial,Turnkey,Himalaya Builders,Forest/environment clearance,Right of way,21,2026-09-08
PE-2052,"Terminal Package-5, Ernakulam",Ministry of Petroleum & Natural Gas,IOCL,Petroleum & Natural Gas,Refinery Unit,Kerala,Kozhikode,909,1115,829,PPP,2020-06-05,2020-11-05,2025-09-05,2026-10-05,,73.8,99,Severely Delayed,75,Partial,Item Rate,Himalaya Builders,Litigation,Contractor performance,13,2026-09-01
RO-2053,"Bypass Package-4, Patna",Ministry of Road Transport & Highways,State PWD Wing,Roads & Highways,Bypass,Bihar,Muzaffarpur,2113,2121,2100,PPP,2022-05-05,2022-07-05,2026-06-05,,,97.6,99,On Schedule,96,Approved,BOT,Bharat Constructions,,,0,2026-09-18
TE-2054,"Tower Network Package-9, Thane",Ministry of Communications,BBNL,Telecom,Optical Fibre,Maharashtra,Thane,1270,1274,1261,External Assistance,2019-08-05,2019-08-05,2024-01-05,2024-02-05,,95.1,99,On Schedule,93,Approved,HAM,Bharat Constructions,,,1,2026-08-25
PO-2055,"Hydro Phase-1, Jabalpur",Ministry of Power,NHPC,Power,Transmission,Madhya Pradesh,Jabalpur,2011,2048,1596,PPP,2023-08-05,2023-09-05,2027-05-05,2027-07-05,,79.6,83,Slight Delay,93,Approved,Item Rate,Lakshmi Engineering,,,2,2026-08-30
WA-2056,"Dam Section-2, Ernakulam",Ministry of Jal Shakti,WAPCOS,Water Resources,Canal Network,Kerala,Kozhikode,163,170,168,Budgetary Support,2019-07-05,2019-07-05,2023-03-05,2023-04-05,,94.3,99,On Schedule,95,Approved,Item Rate,Nirvana Projects Ltd,,,1,2026-09-03
PO-2057,"Transmission Unit-6, Nagaon",Ministry of Power,NTPC,Power,Hydro,Assam,Kamrup,1924,1961,1941,Internal & Extra Budgetary Resources,2019-10-05,2019-12-05,2024-08-05,2024-09-05,,100,99,Completed,98,Approved,HAM,Lakshmi Engineering,,,1,2026-08-27
PO-2058,"Terminal Section-2, Nagaon","Ministry of Ports, Shipping & Waterways",IWAI,Ports & Shipping,Port Connectivity,Assam,Nagaon,859,871,862,External Assistance,2018-05-05,2018-06-05,2021-05-05,2021-06-05,,95.4,99,On Schedule,98,Approved,BOT,Garuda Infratech,,,1,2026-08-23
PE-2059,"Terminal Phase-9, New Delhi",Ministry of Petroleum & Natural Gas,GAIL,Petroleum & Natural Gas,City Gas,Delhi,New Delhi,3098,3170,3101,PPP,2018-09-05,2018-10-05,2023-01-05,2023-02-05,,100,99,Completed,96,Partial,HAM,Meghna Infra,,,1,2026-09-06
PE-2060,"Terminal Phase-2, Bengaluru Rural",Ministry of Petroleum & Natural Gas,ONGC,Petroleum & Natural Gas,City Gas,Karnataka,Belagavi,3468,3617,3525,PPP,2017-04-05,2017-06-05,2021-07-05,2021-09-05,,95.2,99,Slight Delay,94,Partial,HAM,Himalaya Builders,,,2,2026-09-19
UR-2061,"Sewerage Unit-2, South West Delhi",Ministry of Housing & Urban Affairs,Metro Rail Corporation,Urban Development,Smart City,Delhi,New Delhi,4160,4164,3910,Internal & Extra Budgetary Resources,2018-01-05,2018-02-05,2023-01-05,2023-02-05,,95.7,99,On Schedule,94,Approved,HAM,Lakshmi Engineering,,,1,2026-09-16
WA-2062,"Canal Network Package-3, Guntur",Ministry of Jal Shakti,WAPCOS,Water Resources,Irrigation,Andhra Pradesh,Kurnool,549,710,518,Internal & Extra Budgetary Resources,2019-02-05,2019-04-05,2024-03-05,2025-10-05,,78.7,99,Severely Delayed,58,Pending,BOT,Chetak EPC Pvt Ltd,Funds constraint,Right of way,19,2026-08-25
RO-2063,"Bypass Phase-3, Jodhpur",Ministry of Road Transport & Highways,State PWD Wing,Roads & Highways,Bridge,Rajasthan,Kota,2920,2977,2795,Internal & Extra Budgetary Resources,2017-06-05,2017-06-05,2019-12-05,2020-02-05,,95.7,99,Slight Delay,100,Approved,Item Rate,Nirvana Projects Ltd,,,2,2026-08-21
PE-2064,"Pipeline Section-9, Madurai",Ministry of Petroleum & Natural Gas,IOCL,Petroleum & Natural Gas,Refinery Unit,Tamil Nadu,Coimbatore,1170,1285,1067,Budgetary Support,2018-04-05,2018-10-05,2022-07-05,2023-01-05,,88.2,99,Delayed,90,Partial,HAM,Lakshmi Engineering,Contractor performance,,6,2026-09-13
UR-2065,"Metro Rail Phase-9, Nagaon",Ministry of Housing & Urban Affairs,Urban Development Authority,Urban Development,Water Supply,Assam,Dibrugarh,3582,3837,3449,Budgetary Support,2022-10-05,2023-02-05,2026-12-05,2027-05-05,,85.9,95,Slight Delay,88,Partial,HAM,Bharat Constructions,Adverse weather,,5,2026-09-15
PE-2066,"Terminal Unit-2, South West Delhi",Ministry of Petroleum & Natural Gas,GAIL,Petroleum & Natural Gas,Refinery Unit,Delhi,South West Delhi,3570,3681,3644,PPP,2019-03-05,2019-04-05,2025-04-05,,,100,99,Completed,95,Approved,EPC,Deepak Engineering,,,0,2026-08-22
WA-2067,"Dam Phase-5, Sundargarh",Ministry of Jal Shakti,NWDA,Water Resources,Irrigation,Odisha,Khordha,2766,2774,2746,PPP,2019-04-05,2019-05-05,2024-07-05,2024-09-05,,100,99,Completed,95,Approved,Turnkey,Lakshmi Engineering,,,2,2026-09-01
TE-2068,"Rural Connectivity Package-5, Coimbatore",Ministry of Communications,C-DOT,Telecom,Optical Fibre,Tamil Nadu,Salem,2867,3118,2553,External Assistance,2018-06-05,2019-01-05,2022-01-05,2022-09-05,,87.5,99,Delayed,86,Partial,Turnkey,Eastern Projects Ltd,Litigation,,8,2026-09-14
PO-2069,"Port Connectivity Section-4, Guntur","Ministry of Ports, Shipping & Waterways",Port Authority,Ports & Shipping,Dredging,Andhra Pradesh,Kurnool,1216,1306,1193,Budgetary Support,2017-07-05,2017-11-05,2021-07-05,2022-02-05,,89.1,99,Delayed,80,Approved,Item Rate,Chetak EPC Pvt Ltd,Litigation,,7,2026-09-06
RO-2070,"Expressway Unit-4, New Delhi",Ministry of Road Transport & Highways,State PWD Wing,Roads & Highways,Bridge,Delhi,South West Delhi,350,361,357,External Assistance,2017-05-05,2017-05-05,2023-04-05,2023-05-05,,100,99,Completed,95,Approved,BOT,Konark EPC,,,1,2026-09-08
UR-2071,"Metro Rail Package-5, Bardhaman",Ministry of Housing & Urban Affairs,Urban Development Authority,Urban Development,Metro Rail,West Bengal,Nadia,2396,2513,2488,Internal & Extra Budgetary Resources,2017-11-05,2017-12-05,2020-05-05,,,100,99,Completed,98,Approved,BOT,Konark EPC,,,0,2026-08-25
RO-2072,"Bridge Phase-2, Bengaluru Rural",Ministry of Road Transport & Highways,NHIDCL,Roads & Highways,Expressway,Karnataka,Belagavi,402,402,314,Budgetary Support,2023-07-05,2023-08-05,2027-07-05,2027-08-05,,78.9,80,On Schedule,94,Approved,EPC,Eastern Projects Ltd,,,1,2026-09-01
RA-2073,"Doubling Section-7, Nizamabad",Ministry of Railways,IRCON,Railways,Electrification,Telangana,Nizamabad,2493,2578,2511,Budgetary Support,2018-05-05,2018-05-05,2020-11-05,2020-12-05,,98.6,99,On Schedule,99,Partial,Item Rate,Garuda Infratech,,,1,2026-09-02
RA-2074,"New Line Package-9, Mysuru",Ministry of Railways,RVNL,Railways,Electrification,Karnataka,Mysuru,4127,4231,4189,PPP,2018-08-05,2018-10-05,2021-03-05,2021-04-05,,99.8,99,On Schedule,97,Approved,BOT,Bharat Constructions,,,1,2026-08-21
TE-2075,"Data Centre Package-3, Thrissur",Ministry of Communications,BSNL,Telecom,Data Centre,Kerala,Kozhikode,3032,3795,2991,Internal & Extra Budgetary Resources,2018-10-05,2019-01-05,2021-06-05,2023-05-05,,78.4,99,Severely Delayed,58,Pending,HAM,Garuda Infratech,Utility shifting,Contractor performance,23,2026-08-31
WA-2076,"Irrigation Section-7, Jodhpur",Ministry of Jal Shakti,NWDA,Water Resources,Dam,Rajasthan,Jodhpur,4086,4142,4101,PPP,2020-08-05,2020-09-05,2023-11-05,2024-01-05,,98.7,99,Slight Delay,95,Partial,Turnkey,Nirvana Projects Ltd,,,2,2026-09-19
UR-2077,"Water Supply Package-4, Visakhapatnam",Ministry of Housing & Urban Affairs,Metro Rail Corporation,Urban Development,Metro Rail,Andhra Pradesh,Guntur,332,343,336,External Assistance,2018-06-05,2018-06-05,2023-10-05,2023-12-05,,95.1,99,Slight Delay,97,Approved,EPC,Deepak Engineering,,,2,2026-09-02
WA-2078,"Canal Network Package-8, Kota",Ministry of Jal Shakti,State Irrigation Dept,Water Resources,Flood Control,Rajasthan,Kota,1852,2406,1925,PPP,2017-08-05,2017-10-05,2020-10-05,2021-07-05,,80.3,99,Delayed,66,Pending,EPC,Himalaya Builders,Funds constraint,Design revision,9,2026-08-07
RO-2079,"Expressway Package-1, Kurnool",Ministry of Road Transport & Highways,State PWD Wing,Roads & Highways,National Highway,Andhra Pradesh,Kurnool,3068,3166,3067,Budgetary Support,2020-10-05,2020-11-05,2026-09-05,,,95.1,99,On Schedule,95,Approved,BOT,Meghna Infra,,,0,2026-09-17
PO-2080,"Transmission Phase-2, Visakhapatnam",Ministry of Power,NTPC,Power,Hydro,Andhra Pradesh,Guntur,3514,3525,3380,Internal & Extra Budgetary Resources,2020-11-05,2020-12-05,2025-07-05,2025-09-05,,95,99,Slight Delay,93,Partial,HAM,Himalaya Builders,,,2,2026-09-03
CI-2081,"Runway Unit-9, Kurnool",Ministry of Civil Aviation,Airport SPV,Civil Aviation,Runway,Andhra Pradesh,Visakhapatnam,714,787,733,Budgetary Support,2018-10-05,2018-12-05,2022-08-05,2023-01-05,,86.9,99,Slight Delay,86,Approved,EPC,Bharat Constructions,Utility shifting,,5,2026-09-18
PO-2082,"Thermal Unit-5, Jodhpur",Ministry of Power,POWERGRID,Power,Transmission,Rajasthan,Kota,1366,1398,1322,External Assistance,2018-01-05,2018-02-05,2021-12-05,,,96,99,On Schedule,99,Approved,BOT,Chetak EPC Pvt Ltd,,,0,2026-09-11
CI-2083,"Terminal Building Unit-7, Varanasi",Ministry of Civil Aviation,AAI,Civil Aviation,ATC Upgrade,Uttar Pradesh,Kanpur Nagar,2293,2788,2078,PPP,2022-09-05,2022-12-05,2026-08-05,2028-08-05,,78.7,99,Severely Delayed,80,Partial,BOT,Lakshmi Engineering,Material supply,Design revision,24,2026-08-06
CI-2084,"Cargo Complex Section-1, Rangareddy",Ministry of Civil Aviation,AAICLAS,Civil Aviation,Runway,Telangana,Nizamabad,4042,4208,3823,Internal & Extra Budgetary Resources,2019-06-05,2019-07-05,2023-03-05,2023-05-05,,95.6,99,Slight Delay,96,Partial,Item Rate,Lakshmi Engineering,,,2,2026-08-27
RO-2085,"National Highway Unit-9, Kurnool",Ministry of Road Transport & Highways,NHAI,Roads & Highways,Bypass,Andhra Pradesh,Guntur,3758,3924,3713,Budgetary Support,2019-09-05,2019-10-05,2023-09-05,,,96.6,99,On Schedule,93,Approved,Item Rate,Chetak EPC Pvt Ltd,,,0,2026-09-08
RA-2086,"Electrification Phase-8, Bhopal",Ministry of Railways,IRCON,Railways,New Line,Madhya Pradesh,Jabalpur,2087,2135,2114,External Assistance,2020-06-05,2020-08-05,2026-05-05,2026-07-05,,99.9,99,Slight Delay,96,Partial,Item Rate,Deepak Engineering,,,2,2026-08-25
CI-2087,"Terminal Building Phase-7, Kamrup",Ministry of Civil Aviation,AAICLAS,Civil Aviation,Terminal Building,Assam,Cachar,1709,2073,1483,Budgetary Support,2021-10-05,2021-11-05,2026-05-05,2027-05-05,,72.8,99,Delayed,58,Pending,EPC,Nirvana Projects Ltd,Litigation,Right of way,12,2026-08-30
PO-2088,"Dredging Package-6, Belagavi","Ministry of Ports, Shipping & Waterways",Port Authority,Ports & Shipping,Dredging,Karnataka,Bengaluru Rural,2190,2274,2251,Budgetary Support,2018-02-05,2018-03-05,2023-08-05,2023-09-05,,100,99,Completed,95,Approved,Item Rate,Nirvana Projects Ltd,,,1,2026-09-19
PO-2089,"Berth Section-7, Mysuru","Ministry of Ports, Shipping & Waterways",Port Authority,Ports & Shipping,Port Connectivity,Karnataka,Belagavi,3549,3568,2123,Budgetary Support,2023-01-05,2023-02-05,2028-06-05,2028-07-05,,65.3,68,On Schedule,97,Approved,EPC,Nirvana Projects Ltd,,,1,2026-08-21
CI-2090,"Runway Phase-8, Rajkot",Ministry of Civil Aviation,AAICLAS,Civil Aviation,Cargo Complex,Gujarat,Surat,535,555,500,Internal & Extra Budgetary Resources,2019-02-05,2019-03-05,2022-08-05,2022-09-05,,95.7,99,On Schedule,93,Approved,HAM,Indus Civil Works,,,1,2026-08-30
CI-2091,"Runway Unit-7, Salem",Ministry of Civil Aviation,Airport SPV,Civil Aviation,Terminal Building,Tamil Nadu,Madurai,1949,1961,1813,External Assistance,2019-04-05,2019-06-05,2023-09-05,,,94.7,99,On Schedule,100,Approved,Turnkey,Lakshmi Engineering,,,0,2026-09-07
UR-2092,"Metro Rail Phase-6, New Delhi",Ministry of Housing & Urban Affairs,Metro Rail Corporation,Urban Development,Metro Rail,Delhi,South West Delhi,1477,1524,1450,External Assistance,2020-06-05,2020-07-05,2024-05-05,2024-06-05,,94.8,99,On Schedule,98,Approved,Item Rate,Meghna Infra,,,1,2026-08-26
PE-2093,"City Gas Phase-9, Guntur",Ministry of Petroleum & Natural Gas,GAIL,Petroleum & Natural Gas,Refinery Unit,Andhra Pradesh,Visakhapatnam,1200,1419,999,Budgetary Support,2019-09-05,2019-12-05,2024-12-05,2026-10-05,,69.2,99,Severely Delayed,70,Partial,HAM,Lakshmi Engineering,Utility shifting,Forest/environment clearance,22,2026-08-10
PO-2094,"Port Connectivity Phase-2, Bardhaman","Ministry of Ports, Shipping & Waterways",IWAI,Ports & Shipping,Dredging,West Bengal,Bardhaman,1317,1351,1287,External Assistance,2019-10-05,2019-10-05,2023-05-05,2023-07-05,,97.6,99,Slight Delay,97,Approved,Turnkey,Garuda Infratech,,,2,2026-09-11
PE-2095,"Terminal Section-7, New Delhi",Ministry of Petroleum & Natural Gas,GAIL,Petroleum & Natural Gas,Refinery Unit,Delhi,South West Delhi,3864,3975,3821,Internal & Extra Budgetary Resources,2021-08-05,2021-08-05,2025-07-05,2025-08-05,,100,99,Completed,97,Partial,BOT,Indus Civil Works,,,1,2026-08-24
PE-2096,"Refinery Unit Unit-1, New Delhi",Ministry of Petroleum & Natural Gas,GAIL,Petroleum & Natural Gas,Terminal,Delhi,New Delhi,2741,3117,2418,PPP,2017-07-05,2017-10-05,2020-07-05,2021-11-05,,80.1,99,Severely Delayed,82,Pending,Turnkey,Garuda Infratech,Forest/environment clearance,Litigation,16,2026-09-15
UR-2097,"Water Supply Package-5, Guntur",Ministry of Housing & Urban Affairs,Metro Rail Corporation,Urban Development,Water Supply,Andhra Pradesh,Guntur,2706,2818,2403,PPP,2018-11-05,2019-03-05,2022-07-05,2023-03-05,,87.4,99,Delayed,93,Approved,Item Rate,Garuda Infratech,Design revision,,8,2026-09-09
TE-2098,"Tower Network Package-3, New Delhi",Ministry of Communications,BBNL,Telecom,Data Centre,Delhi,New Delhi,2653,2712,2646,PPP,2018-09-05,2018-10-05,2023-09-05,,,94.6,99,On Schedule,96,Partial,Item Rate,Lakshmi Engineering,,,0,2026-09-16
PO-2099,"Dredging Phase-7, Dibrugarh","Ministry of Ports, Shipping & Waterways",Sagarmala Unit,Ports & Shipping,Berth,Assam,Cachar,2338,2368,2344,PPP,2018-07-05,2018-09-05,2022-11-05,2022-12-05,,95.4,99,On Schedule,96,Approved,Item Rate,Indus Civil Works,,,1,2026-09-15
UR-2100,"Smart City Package-6, Madurai",Ministry of Housing & Urban Affairs,Urban Development Authority,Urban Development,Metro Rail,Tamil Nadu,Coimbatore,189,199,197,Budgetary Support,2022-04-05,2022-10-05,2026-01-05,2026-09-05,,93.9,99,Delayed,81,Partial,HAM,Konark EPC,Adverse weather,,8,2026-09-18
CI-2101,"Terminal Building Section-7, Khordha",Ministry of Civil Aviation,AAI,Civil Aviation,ATC Upgrade,Odisha,Angul,159,167,159,Budgetary Support,2020-01-05,2020-02-05,2023-05-05,2023-07-05,,95,99,Slight Delay,97,Approved,Turnkey,Garuda Infratech,,,2,2026-08-24
PE-2102,"Terminal Section-6, Kamrup",Ministry of Petroleum & Natural Gas,ONGC,Petroleum & Natural Gas,Refinery Unit,Assam,Dibrugarh,4031,4972,3619,Budgetary Support,2022-10-05,2023-01-05,2026-04-05,2027-05-05,,70.1,99,Severely Delayed,59,Partial,EPC,Meghna Infra,Forest/environment clearance,Right of way,13,2026-08-30
UR-2103,"Smart City Section-4, Sundargarh",Ministry of Housing & Urban Affairs,Urban Development Authority,Urban Development,Smart City,Odisha,Khordha,522,537,532,PPP,2020-11-05,2020-12-05,2025-08-05,2025-10-05,,99.7,99,Slight Delay,95,Approved,BOT,Aarvi Infra Ltd,,,2,2026-09-09
CI-2104,"Cargo Complex Package-8, Rangareddy",Ministry of Civil Aviation,Airport SPV,Civil Aviation,Terminal Building,Telangana,Warangal,1990,2192,2100,PPP,2018-03-05,2018-06-05,2024-01-05,2024-12-05,,92.6,99,Delayed,83,Approved,Turnkey,Nirvana Projects Ltd,Funds constraint,,11,2026-09-07
PO-2105,"Berth Section-4, Thane","Ministry of Ports, Shipping & Waterways",IWAI,Ports & Shipping,Port Connectivity,Maharashtra,Nagpur,1841,1899,1828,Budgetary Support,2021-06-05,2021-06-05,2024-05-05,2024-06-05,,98.5,99,On Schedule,98,Partial,Item Rate,Meghna Infra,,,1,2026-09-08
RO-2106,"National Highway Phase-8, Khordha",Ministry of Road Transport & Highways,NHAI,Roads & Highways,Expressway,Odisha,Khordha,1333,1554,1331,Budgetary Support,2021-07-05,2021-11-05,2025-06-05,2027-02-05,,79.7,99,Severely Delayed,81,Partial,Turnkey,Aarvi Infra Ltd,Adverse weather,Design revision,20,2026-09-14
RA-2107,"Terminal Unit-6, Jodhpur",Ministry of Railways,IRCON,Railways,Doubling,Rajasthan,Jodhpur,1268,1303,1205,PPP,2019-09-05,2019-09-05,2022-06-05,2022-07-05,,94.1,99,On Schedule,96,Approved,Item Rate,Lakshmi Engineering,,,1,2026-08-23
TE-2108,"Tower Network Unit-1, Varanasi",Ministry of Communications,C-DOT,Telecom,Rural Connectivity,Uttar Pradesh,Gorakhpur,2641,2730,1439,External Assistance,2023-11-05,2023-11-05,2029-06-05,2029-07-05,,54.1,52,On Schedule,98,Approved,Item Rate,Eastern Projects Ltd,,,1,2026-09-11
CI-2109,"Terminal Building Phase-7, Bhopal",Ministry of Civil Aviation,AAI,Civil Aviation,Terminal Building,Madhya Pradesh,Bhopal,208,218,207,Internal & Extra Budgetary Resources,2022-12-05,2023-04-05,2026-05-05,2027-01-05,,93.9,99,Delayed,82,Approved,EPC,Indus Civil Works,Adverse weather,,8,2026-09-17
PO-2110,"Transmission Phase-9, Kutch",Ministry of Power,NHPC,Power,Solar Park,Gujarat,Surat,2955,3700,2633,External Assistance,2018-06-05,2018-07-05,2021-08-05,2023-07-05,,72.2,99,Severely Delayed,60,Pending,HAM,Nirvana Projects Ltd,Right of way,Forest/environment clearance,23,2026-07-30
WA-2111,"Flood Control Phase-5, Guntur",Ministry of Jal Shakti,WAPCOS,Water Resources,Irrigation,Andhra Pradesh,Guntur,1032,1082,726,External Assistance,2023-03-05,2023-03-05,2028-05-05,,,69.1,69,On Schedule,97,Partial,Turnkey,Meghna Infra,,,0,2026-08-21
CI-2112,"Runway Unit-7, Gaya",Ministry of Civil Aviation,AAICLAS,Civil Aviation,Cargo Complex,Bihar,Muzaffarpur,1037,1066,1055,PPP,2021-12-05,2022-01-05,2026-04-05,,,99.8,99,On Schedule,95,Partial,HAM,Lakshmi Engineering,,,0,2026-09-16
PE-2113,"City Gas Package-9, Muzaffarpur",Ministry of Petroleum & Natural Gas,GAIL,Petroleum & Natural Gas,City Gas,Bihar,Gaya,661,687,600,Internal & Extra Budgetary Resources,2022-03-05,2022-04-05,2027-08-05,2027-10-05,,87.5,84,Slight Delay,97,Partial,Item Rate,Lakshmi Engineering,,,2,2026-09-16
CI-2114,"Cargo Complex Unit-5, Rangareddy",Ministry of Civil Aviation,Airport SPV,Civil Aviation,Terminal Building,Telangana,Nizamabad,1558,1630,1560,Internal & Extra Budgetary Resources,2020-03-05,2020-04-05,2024-09-05,,,96,99,On Schedule,97,Approved,Turnkey,Lakshmi Engineering,,,0,2026-09-15
CI-2115,"Runway Unit-3, Thrissur",Ministry of Civil Aviation,Airport SPV,Civil Aviation,Terminal Building,Kerala,Thrissur,84,84,80,Budgetary Support,2020-02-05,2020-02-05,2025-04-05,2025-05-05,,100,99,Completed,100,Partial,BOT,Indus Civil Works,,,1,2026-09-01
CI-2116,"ATC Upgrade Phase-4, South West Delhi",Ministry of Civil Aviation,AAICLAS,Civil Aviation,Cargo Complex,Delhi,New Delhi,2409,2693,2421,External Assistance,2022-05-05,2022-10-05,2026-09-05,2027-07-05,,92.6,99,Delayed,92,Partial,Item Rate,Chetak EPC Pvt Ltd,Adverse weather,,10,2026-09-13
WA-2117,"Flood Control Phase-9, Ernakulam",Ministry of Jal Shakti,WAPCOS,Water Resources,Dam,Kerala,Kozhikode,2202,2218,2196,Budgetary Support,2017-08-05,2017-09-05,2021-04-05,2021-05-05,,100,99,Completed,99,Approved,EPC,Deepak Engineering,,,1,2026-08-20
PE-2118,"Refinery Unit Unit-5, Khordha",Ministry of Petroleum & Natural Gas,ONGC,Petroleum & Natural Gas,Refinery Unit,Odisha,Sundargarh,333,345,328,Budgetary Support,2022-07-05,2022-08-05,2026-02-05,2026-03-05,,100,99,Completed,94,Approved,HAM,Meghna Infra,,,1,2026-09-14
PE-2119,"Terminal Package-5, Muzaffarpur",Ministry of Petroleum & Natural Gas,IOCL,Petroleum & Natural Gas,City Gas,Bihar,Patna,2502,2605,2579,Budgetary Support,2020-05-05,2020-06-05,2023-12-05,2024-01-05,,95.4,99,On Schedule,93,Approved,EPC,Eastern Projects Ltd,,,1,2026-09-15
UR-2120,"Sewerage Unit-7, Kurnool",Ministry of Housing & Urban Affairs,Municipal Corporation,Urban Development,Metro Rail,Andhra Pradesh,Visakhapatnam,3405,3411,3377,PPP,2018-05-05,2018-07-05,2021-03-05,2021-04-05,,97.8,99,On Schedule,98,Partial,Turnkey,Meghna Infra,,,1,2026-09-12
UR-2121,"Sewerage Package-3, Madurai",Ministry of Housing & Urban Affairs,Municipal Corporation,Urban Development,Water Supply,Tamil Nadu,Salem,2976,3171,3065,PPP,2019-11-05,2019-12-05,2025-06-05,2026-03-05,,90.5,99,Delayed,90,Partial,BOT,Chetak EPC Pvt Ltd,Right of way,,9,2026-09-09
PO-2122,"Terminal Phase-5, Gorakhpur","Ministry of Ports, Shipping & Waterways",Sagarmala Unit,Ports & Shipping,Berth,Uttar Pradesh,Kanpur Nagar,3414,3580,2694,Internal & Extra Budgetary Resources,2022-01-05,2022-02-05,2027-12-05,,,77.8,79,On Schedule,97,Approved,Turnkey,Aarvi Infra Ltd,,,0,2026-09-12
CI-2123,"Terminal Building Unit-9, Nizamabad",Ministry of Civil Aviation,Airport SPV,Civil Aviation,Cargo Complex,Telangana,Warangal,225,233,221,PPP,2020-05-05,2020-06-05,2023-03-05,2023-05-05,,98.5,99,Slight Delay,94,Partial,EPC,Nirvana Projects Ltd,,,2,2026-08-27
RA-2124,"Terminal Package-7, Dibrugarh",Ministry of Railways,IRCON,Railways,New Line,Assam,Cachar,2903,2906,2805,PPP,2023-09-05,2023-09-05,2026-08-05,,,95.7,99,On Schedule,97,Partial,HAM,Nirvana Projects Ltd,,,0,2026-09-04
TE-2125,"Optical Fibre Package-5, New Delhi",Ministry of Communications,C-DOT,Telecom,Tower Network,Delhi,New Delhi,1401,1775,1289,Budgetary Support,2021-08-05,2022-02-05,2025-08-05,2027-07-05,,73.1,99,Severely Delayed,73,Partial,BOT,Indus Civil Works,Right of way,Material supply,23,2026-07-25
PE-2126,"Pipeline Section-6, Indore",Ministry of Petroleum & Natural Gas,GAIL,Petroleum & Natural Gas,Pipeline,Madhya Pradesh,Bhopal,3980,4127,4086,External Assistance,2019-02-05,2019-04-05,2024-02-05,2024-03-05,,94.8,99,On Schedule,93,Approved,EPC,Bharat Constructions,,,1,2026-08-27
CI-2127,"Runway Section-3, Kanpur Nagar",Ministry of Civil Aviation,AAICLAS,Civil Aviation,ATC Upgrade,Uttar Pradesh,Varanasi,4008,5039,3671,PPP,2017-02-05,2017-06-05,2022-03-05,2023-03-05,,69.1,99,Delayed,69,Pending,EPC,Aarvi Infra Ltd,Material supply,Design revision,12,2026-08-30
UR-2128,"Sewerage Unit-3, Rajkot",Ministry of Housing & Urban Affairs,Metro Rail Corporation,Urban Development,Sewerage,Gujarat,Kutch,200,204,191,Budgetary Support,2019-04-05,2019-06-05,2022-07-05,2022-09-05,,95.8,99,Slight Delay,95,Approved,BOT,Meghna Infra,,,2,2026-09-12
UR-2129,"Water Supply Package-3, Belagavi",Ministry of Housing & Urban Affairs,Municipal Corporation,Urban Development,Metro Rail,Karnataka,Mysuru,2790,2817,2643,PPP,2017-05-05,2017-07-05,2020-05-05,,,94.3,99,On Schedule,96,Approved,Turnkey,Eastern Projects Ltd,,,0,2026-09-08
UR-2130,"Sewerage Unit-5, Gorakhpur",Ministry of Housing & Urban Affairs,Urban Development Authority,Urban Development,Metro Rail,Uttar Pradesh,Varanasi,3376,3535,3173,Budgetary Support,2020-10-05,2020-10-05,2023-08-05,,,94.4,99,On Schedule,99,Approved,HAM,Deepak Engineering,,,0,2026-09-17
PO-2131,"Port Connectivity Section-9, Rajkot","Ministry of Ports, Shipping & Waterways",Port Authority,Ports & Shipping,Terminal,Gujarat,Surat,1834,1916,1870,PPP,2022-05-05,2022-06-05,2025-08-05,2025-09-05,,98.6,99,On Schedule,93,Approved,EPC,Aarvi Infra Ltd,,,1,2026-09-10
PO-2132,"Thermal Section-4, South West Delhi",Ministry of Power,NHPC,Power,Solar Park,Delhi,New Delhi,4126,4172,3964,Budgetary Support,2019-01-05,2019-02-05,2022-12-05,2023-02-05,,96,99,Slight Delay,93,Approved,EPC,Garuda Infratech,,,2,2026-09-17
CI-2133,"Cargo Complex Package-5, Rajkot",Ministry of Civil Aviation,Airport SPV,Civil Aviation,ATC Upgrade,Gujarat,Kutch,2075,2109,2088,Budgetary Support,2018-05-05,2018-06-05,2021-11-05,2022-01-05,,99.2,99,Slight Delay,97,Partial,EPC,Himalaya Builders,,,2,2026-09-14
RA-2134,"Terminal Package-8, Coimbatore",Ministry of Railways,Railway Zone Unit,Railways,Electrification,Tamil Nadu,Coimbatore,4047,4082,4041,External Assistance,2021-10-05,2021-12-05,2024-05-05,2024-07-05,,98.8,99,Slight Delay,94,Partial,BOT,Lakshmi Engineering,,,2,2026-09-09
RA-2135,"Electrification Unit-6, Kamrup",Ministry of Railways,IRCON,Railways,Electrification,Assam,Kamrup,491,522,477,External Assistance,2021-03-05,2021-10-05,2024-09-05,2025-03-05,,92.9,99,Delayed,92,Partial,Turnkey,Deepak Engineering,Utility shifting,,6,2026-09-08
PE-2136,"Terminal Section-4, Kutch",Ministry of Petroleum & Natural Gas,IOCL,Petroleum & Natural Gas,Refinery Unit,Gujarat,Kutch,3799,4063,3040,Internal & Extra Budgetary Resources,2021-05-05,2021-07-05,2027-03-05,2028-02-05,,80.4,92,Delayed,83,Partial,BOT,Himalaya Builders,Funds constraint,,11,2026-08-28
WA-2137,"Flood Control Unit-9, Thrissur",Ministry of Jal Shakti,NWDA,Water Resources,Irrigation,Kerala,Thrissur,1738,2175,1542,PPP,2021-07-05,2021-09-05,2026-02-05,2026-10-05,,70.8,99,Delayed,70,Pending,Item Rate,Konark EPC,Litigation,Litigation,8,2026-09-12
RA-2138,"New Line Phase-7, Surat",Ministry of Railways,RVNL,Railways,Doubling,Gujarat,Rajkot,3768,4525,3874,PPP,2021-07-05,2022-01-05,2025-12-05,2026-08-05,,79.2,99,Delayed,69,Partial,Item Rate,Bharat Constructions,Right of way,Adverse weather,8,2026-08-05
UR-2139,"Smart City Phase-8, Jaipur",Ministry of Housing & Urban Affairs,Municipal Corporation,Urban Development,Sewerage,Rajasthan,Kota,2213,2397,1668,Budgetary Support,2022-06-05,2022-10-05,2027-12-05,2028-09-05,,63.8,77,Delayed,83,Partial,BOT,Indus Civil Works,Litigation,,9,2026-09-17
PO-2140,"Thermal Section-8, Bengaluru Rural",Ministry of Power,NTPC,Power,Transmission,Karnataka,Belagavi,306,313,310,Budgetary Support,2023-02-05,2023-02-05,2026-11-05,2027-01-05,,100,97,Completed,99,Approved,Turnkey,Indus Civil Works,,,2,2026-09-05
RA-2141,"Doubling Section-2, Nagaon",Ministry of Railways,Railway Zone Unit,Railways,Doubling,Assam,Nagaon,377,386,374,Internal & Extra Budgetary Resources,2021-08-05,2021-09-05,2024-03-05,,,100,99,Completed,100,Approved,EPC,Aarvi Infra Ltd,,,0,2026-08-25
RA-2142,"Electrification Phase-9, Muzaffarpur",Ministry of Railways,IRCON,Railways,Electrification,Bihar,Patna,3336,3409,2598,External Assistance,2021-10-05,2021-12-05,2027-11-05,2027-12-05,,81.5,81,On Schedule,95,Partial,EPC,Konark EPC,,,1,2026-08-20
RO-2143,"Bridge Section-4, Varanasi",Ministry of Road Transport & Highways,State PWD Wing,Roads & Highways,Expressway,Uttar Pradesh,Varanasi,1660,1933,1554,Internal & Extra Budgetary Resources,2018-11-05,2019-01-05,2023-03-05,2024-06-05,,78,99,Severely Delayed,79,Pending,BOT,Deepak Engineering,Utility shifting,Adverse weather,15,2026-08-06
CI-2144,"Runway Unit-4, Mysuru",Ministry of Civil Aviation,AAICLAS,Civil Aviation,Runway,Karnataka,Bengaluru Rural,488,492,447,PPP,2017-06-05,2017-08-05,2022-06-05,2022-07-05,,95.8,99,On Schedule,98,Partial,Turnkey,Konark EPC,,,1,2026-08-29
UR-2145,"Sewerage Phase-4, Guntur",Ministry of Housing & Urban Affairs,Municipal Corporation,Urban Development,Smart City,Andhra Pradesh,Visakhapatnam,3957,4728,3002,Internal & Extra Budgetary Resources,2021-04-05,2021-09-05,2027-09-05,2028-08-05,,61.6,84,Delayed,75,Partial,Turnkey,Bharat Constructions,Forest/environment clearance,Contractor performance,11,2026-09-18
PO-2146,"Thermal Phase-4, Kozhikode",Ministry of Power,POWERGRID,Power,Solar Park,Kerala,Kozhikode,4192,4327,4126,Budgetary Support,2018-05-05,2018-06-05,2021-02-05,2021-03-05,,94.9,99,On Schedule,97,Partial,Turnkey,Deepak Engineering,,,1,2026-08-26
TE-2147,"Rural Connectivity Section-5, Varanasi",Ministry of Communications,BBNL,Telecom,Optical Fibre,Uttar Pradesh,Varanasi,3647,3874,3686,Internal & Extra Budgetary Resources,2020-12-05,2021-03-05,2024-06-05,2025-03-05,,88.3,99,Delayed,94,Partial,EPC,Aarvi Infra Ltd,Forest/environment clearance,,9,2026-08-29
TE-2148,"Tower Network Section-2, Rajkot",Ministry of Communications,BSNL,Telecom,Data Centre,Gujarat,Kutch,2016,2226,1973,External Assistance,2021-04-05,2021-05-05,2024-10-05,2025-09-05,,85.7,99,Delayed,88,Partial,HAM,Aarvi Infra Ltd,Adverse weather,,11,2026-08-30
CI-2149,"Runway Package-3, Visakhapatnam",Ministry of Civil Aviation,AAI,Civil Aviation,Terminal Building,Andhra Pradesh,Guntur,3085,3172,2850,Internal & Extra Budgetary Resources,2022-10-05,2022-10-05,2027-04-05,2027-05-05,,85.5,88,On Schedule,96,Approved,Item Rate,Aarvi Infra Ltd,,,1,2026-08-29
PO-2150,"Port Connectivity Phase-4, Indore","Ministry of Ports, Shipping & Waterways",Port Authority,Ports & Shipping,Dredging,Madhya Pradesh,Bhopal,4091,4451,2386,External Assistance,2023-10-05,2024-02-05,2028-06-05,2029-02-05,,52.2,61,Delayed,95,Partial,BOT,Indus Civil Works,Design revision,,8,2026-09-03
PE-2151,"Terminal Unit-7, Cachar",Ministry of Petroleum & Natural Gas,GAIL,Petroleum & Natural Gas,Refinery Unit,Assam,Cachar,2711,2767,2739,External Assistance,2017-09-05,2017-09-05,2022-03-05,,,99.5,99,On Schedule,97,Approved,Turnkey,Meghna Infra,,,0,2026-08-25
WA-2152,"Dam Section-2, Rangareddy",Ministry of Jal Shakti,State Irrigation Dept,Water Resources,Dam,Telangana,Nizamabad,2491,2545,2520,PPP,2020-10-05,2020-11-05,2026-10-05,,,100,99,Completed,92,Partial,BOT,Deepak Engineering,,,0,2026-08-31
WA-2153,"Flood Control Phase-3, Visakhapatnam",Ministry of Jal Shakti,State Irrigation Dept,Water Resources,Canal Network,Andhra Pradesh,Guntur,854,891,882,External Assistance,2020-04-05,2020-05-05,2026-01-05,,,95.5,99,On Schedule,96,Approved,Turnkey,Konark EPC,,,0,2026-08-30
PE-2154,"Terminal Phase-2, Nizamabad",Ministry of Petroleum & Natural Gas,GAIL,Petroleum & Natural Gas,City Gas,Telangana,Nizamabad,3091,3784,3088,PPP,2021-02-05,2021-07-05,2026-05-05,2027-05-05,,82.6,99,Delayed,71,Pending,Turnkey,Meghna Infra,Funds constraint,Utility shifting,12,2026-09-13
UR-2155,"Metro Rail Section-8, Mysuru",Ministry of Housing & Urban Affairs,Metro Rail Corporation,Urban Development,Water Supply,Karnataka,Mysuru,443,458,453,Internal & Extra Budgetary Resources,2022-09-05,2022-10-05,2026-01-05,2026-03-05,,96.9,99,Slight Delay,97,Partial,BOT,Nirvana Projects Ltd,,,2,2026-08-31
PO-2156,"Solar Park Section-5, Coimbatore",Ministry of Power,NHPC,Power,Hydro,Tamil Nadu,Coimbatore,2218,2303,2142,Budgetary Support,2022-06-05,2022-07-05,2027-01-05,2027-02-05,,96.7,94,On Schedule,100,Approved,HAM,Lakshmi Engineering,,,1,2026-09-07
TE-2157,"Optical Fibre Package-5, Patna",Ministry of Communications,BBNL,Telecom,Data Centre,Bihar,Muzaffarpur,3434,3473,3438,Budgetary Support,2018-04-05,2018-04-05,2023-09-05,2023-10-05,,100,99,Completed,95,Approved,EPC,Aarvi Infra Ltd,,,1,2026-09-03
PO-2158,"Thermal Section-6, Ernakulam",Ministry of Power,NTPC,Power,Solar Park,Kerala,Ernakulam,2628,2967,1920,External Assistance,2023-06-05,2024-01-05,2027-07-05,2028-11-05,,58.4,77,Severely Delayed,66,Partial,EPC,Garuda Infratech,Land acquisition,Land acquisition,16,2026-08-23
UR-2159,"Sewerage Unit-7, Nagaon",Ministry of Housing & Urban Affairs,Municipal Corporation,Urban Development,Water Supply,Assam,Dibrugarh,955,1091,816,External Assistance,2020-11-05,2021-02-05,2024-12-05,2026-11-05,,70.4,99,Severely Delayed,72,Pending,HAM,Aarvi Infra Ltd,Adverse weather,Utility shifting,23,2026-09-03
PO-2160,"Terminal Unit-3, Kamrup","Ministry of Ports, Shipping & Waterways",Port Authority,Ports & Shipping,Dredging,Assam,Cachar,202,210,201,PPP,2021-09-05,2021-10-05,2024-10-05,,,100,99,Completed,95,Approved,Item Rate,Eastern Projects Ltd,,,0,2026-08-25
PE-2161,"Terminal Unit-2, Howrah",Ministry of Petroleum & Natural Gas,GAIL,Petroleum & Natural Gas,City Gas,West Bengal,Nadia,2243,2347,1635,External Assistance,2023-11-05,2024-01-05,2028-01-05,2028-03-05,,65.4,68,Slight Delay,99,Approved,Item Rate,Aarvi Infra Ltd,,,2,2026-08-29
PO-2162,"Transmission Unit-1, Nagpur",Ministry of Power,POWERGRID,Power,Hydro,Maharashtra,Thane,1853,1928,1909,PPP,2018-08-05,2018-09-05,2022-04-05,2022-05-05,,100,99,Completed,98,Approved,HAM,Bharat Constructions,,,1,2026-08-22
PE-2163,"Pipeline Unit-5, Gaya",Ministry of Petroleum & Natural Gas,ONGC,Petroleum & Natural Gas,Pipeline,Bihar,Gaya,2519,2721,2349,Budgetary Support,2021-07-05,2021-10-05,2025-08-05,2026-01-05,,86.9,99,Slight Delay,96,Partial,BOT,Lakshmi Engineering,Funds constraint,,5,2026-09-11
PE-2164,"City Gas Section-3, Belagavi",Ministry of Petroleum & Natural Gas,ONGC,Petroleum & Natural Gas,Pipeline,Karnataka,Bengaluru Rural,2973,3630,2825,Internal & Extra Budgetary Resources,2018-09-05,2019-02-05,2021-10-05,2023-01-05,,72.4,99,Severely Delayed,76,Pending,Item Rate,Chetak EPC Pvt Ltd,Litigation,Adverse weather,15,2026-08-07
TE-2165,"Optical Fibre Section-2, Kutch",Ministry of Communications,BBNL,Telecom,Data Centre,Gujarat,Surat,3941,4434,2552,Budgetary Support,2023-04-05,2023-08-05,2027-05-05,2029-04-05,,58.9,83,Severely Delayed,79,Pending,Turnkey,Aarvi Infra Ltd,Litigation,Land acquisition,23,2026-09-07
UR-2166,"Metro Rail Phase-2, Indore",Ministry of Housing & Urban Affairs,Municipal Corporation,Urban Development,Sewerage,Madhya Pradesh,Bhopal,1063,1187,882,PPP,2023-12-05,2024-06-05,2027-04-05,2027-10-05,,73.1,81,Delayed,87,Partial,HAM,Konark EPC,Adverse weather,,6,2026-09-02
PO-2167,"Port Connectivity Package-3, Jabalpur","Ministry of Ports, Shipping & Waterways",IWAI,Ports & Shipping,Dredging,Madhya Pradesh,Indore,2778,3412,1302,PPP,2022-11-05,2023-06-05,2028-11-05,2030-06-05,,33.3,61,Severely Delayed,59,Pending,Turnkey,Bharat Constructions,Utility shifting,Utility shifting,19,2026-08-20
RO-2168,"Expressway Phase-8, Nadia",Ministry of Road Transport & Highways,State PWD Wing,Roads & Highways,Bypass,West Bengal,Howrah,2382,2383,2247,PPP,2020-06-05,2020-07-05,2024-11-05,,,95.5,99,On Schedule,93,Partial,BOT,Meghna Infra,,,0,2026-08-21
WA-2169,"Flood Control Package-4, Bardhaman",Ministry of Jal Shakti,NWDA,Water Resources,Dam,West Bengal,Bardhaman,440,460,415,External Assistance,2017-01-05,2017-03-05,2022-05-05,,,95.5,99,On Schedule,93,Approved,BOT,Garuda Infratech,,,0,2026-09-10
WA-2170,"Flood Control Unit-8, Salem",Ministry of Jal Shakti,State Irrigation Dept,Water Resources,Canal Network,Tamil Nadu,Salem,1127,1128,1117,Internal & Extra Budgetary Resources,2021-05-05,2021-06-05,2024-12-05,2025-01-05,,98.4,99,On Schedule,92,Approved,Item Rate,Garuda Infratech,,,1,2026-09-02
PE-2171,"City Gas Section-1, Angul",Ministry of Petroleum & Natural Gas,GAIL,Petroleum & Natural Gas,City Gas,Odisha,Angul,1206,1459,1146,Internal & Extra Budgetary Resources,2018-04-05,2018-08-05,2021-07-05,2023-04-05,,75.5,99,Severely Delayed,77,Partial,Item Rate,Himalaya Builders,Litigation,Adverse weather,21,2026-08-15
PO-2172,"Thermal Package-6, Gorakhpur",Ministry of Power,NTPC,Power,Thermal,Uttar Pradesh,Kanpur Nagar,712,894,622,PPP,2021-11-05,2022-03-05,2027-02-05,2028-01-05,,67.5,92,Delayed,76,Pending,Item Rate,Garuda Infratech,Funds constraint,Forest/environment clearance,11,2026-08-05
CI-2173,"Terminal Building Package-2, Bengaluru Rural",Ministry of Civil Aviation,AAI,Civil Aviation,ATC Upgrade,Karnataka,Mysuru,1213,1226,1214,Budgetary Support,2021-03-05,2021-03-05,2026-01-05,,,98.9,99,On Schedule,99,Approved,Turnkey,Konark EPC,,,0,2026-09-10
RA-2174,"Terminal Unit-9, Cachar",Ministry of Railways,IRCON,Railways,New Line,Assam,Nagaon,2054,2624,1954,PPP,2023-06-05,2023-12-05,2026-06-05,2028-01-05,,72.5,99,Severely Delayed,57,Pending,Turnkey,Garuda Infratech,Litigation,Material supply,19,2026-08-19
RO-2175,"Expressway Unit-9, Belagavi",Ministry of Road Transport & Highways,NHAI,Roads & Highways,Bypass,Karnataka,Mysuru,1446,1489,1291,PPP,2022-08-05,2022-08-05,2027-03-05,2027-04-05,,85.1,90,On Schedule,96,Approved,HAM,Meghna Infra,,,1,2026-09-05
RA-2176,"Electrification Section-5, Pune",Ministry of Railways,IRCON,Railways,Doubling,Maharashtra,Nagpur,3590,4319,3217,PPP,2021-11-05,2022-05-05,2026-10-05,2027-06-05,,71.1,99,Delayed,67,Pending,Turnkey,Konark EPC,Litigation,Design revision,8,2026-08-29
WA-2177,"Irrigation Unit-9, South West Delhi",Ministry of Jal Shakti,NWDA,Water Resources,Irrigation,Delhi,New Delhi,3216,3245,3081,PPP,2019-06-05,2019-07-05,2024-03-05,,,96.4,99,On Schedule,95,Approved,BOT,Konark EPC,,,0,2026-09-06
CI-2178,"Runway Unit-8, Ernakulam",Ministry of Civil Aviation,Airport SPV,Civil Aviation,ATC Upgrade,Kerala,Kozhikode,711,921,670,Internal & Extra Budgetary Resources,2021-09-05,2022-02-05,2025-02-05,2026-02-05,,76.2,99,Delayed,68,Partial,Item Rate,Chetak EPC Pvt Ltd,Design revision,Design revision,12,2026-09-02
WA-2179,"Dam Section-9, Howrah",Ministry of Jal Shakti,State Irrigation Dept,Water Resources,Flood Control,West Bengal,Nadia,907,924,720,PPP,2022-05-05,2022-05-05,2028-01-05,,,73,77,On Schedule,93,Partial,Item Rate,Chetak EPC Pvt Ltd,,,0,2026-09-05
PE-2180,"City Gas Phase-7, Kota",Ministry of Petroleum & Natural Gas,ONGC,Petroleum & Natural Gas,City Gas,Rajasthan,Jaipur,1720,1910,1891,PPP,2018-01-05,2018-07-05,2024-03-05,2024-12-05,,93.2,99,Delayed,83,Partial,Turnkey,Aarvi Infra Ltd,Material supply,,9,2026-08-22
PE-2181,"Refinery Unit Package-6, Salem",Ministry of Petroleum & Natural Gas,IOCL,Petroleum & Natural Gas,City Gas,Tamil Nadu,Madurai,1199,1374,1037,External Assistance,2023-02-05,2023-08-05,2027-01-05,2028-07-05,,75.1,92,Severely Delayed,78,Pending,Turnkey,Aarvi Infra Ltd,Land acquisition,Design revision,18,2026-08-20
UR-2182,"Water Supply Unit-1, Varanasi",Ministry of Housing & Urban Affairs,Urban Development Authority,Urban Development,Sewerage,Uttar Pradesh,Varanasi,1430,1514,1126,Budgetary Support,2023-04-05,2023-07-05,2027-05-05,2028-01-05,,74.7,84,Delayed,95,Partial,EPC,Indus Civil Works,Land acquisition,,8,2026-09-18
RO-2183,"Bridge Unit-6, Jodhpur",Ministry of Road Transport & Highways,NHAI,Roads & Highways,Expressway,Rajasthan,Jaipur,1148,1200,1036,Internal & Extra Budgetary Resources,2020-05-05,2020-12-05,2026-07-05,2026-12-05,,88.6,99,Slight Delay,90,Partial,Item Rate,Lakshmi Engineering,Land acquisition,,5,2026-08-20
RA-2184,"Electrification Phase-6, Warangal",Ministry of Railways,IRCON,Railways,Doubling,Telangana,Warangal,2978,3051,2827,PPP,2017-09-05,2017-09-05,2021-01-05,,,98.5,99,On Schedule,94,Approved,HAM,Garuda Infratech,,,0,2026-09-18
PE-2185,"Pipeline Package-2, Kutch",Ministry of Petroleum & Natural Gas,GAIL,Petroleum & Natural Gas,City Gas,Gujarat,Surat,542,563,557,Budgetary Support,2018-09-05,2018-10-05,2021-07-05,,,100,99,Completed,94,Partial,Item Rate,Aarvi Infra Ltd,,,0,2026-08-21
CI-2186,"ATC Upgrade Phase-1, Howrah",Ministry of Civil Aviation,AAI,Civil Aviation,Cargo Complex,West Bengal,Howrah,3999,4136,3936,PPP,2022-06-05,2022-08-05,2025-08-05,2025-09-05,,97,99,On Schedule,96,Approved,BOT,Deepak Engineering,,,1,2026-09-17
PO-2187,"Terminal Package-2, Jodhpur","Ministry of Ports, Shipping & Waterways",IWAI,Ports & Shipping,Dredging,Rajasthan,Kota,3192,4046,2843,External Assistance,2021-04-05,2021-07-05,2026-05-05,2028-01-05,,71.8,99,Severely Delayed,74,Partial,EPC,Meghna Infra,Forest/environment clearance,Utility shifting,20,2026-09-03
PE-2188,"Refinery Unit Phase-7, Bhopal",Ministry of Petroleum & Natural Gas,ONGC,Petroleum & Natural Gas,Pipeline,Madhya Pradesh,Indore,2982,2990,2960,Internal & Extra Budgetary Resources,2021-05-05,2021-06-05,2025-02-05,2025-03-05,,100,99,Completed,99,Approved,EPC,Garuda Infratech,,,1,2026-08-29
CI-2189,"Runway Phase-5, Rajkot",Ministry of Civil Aviation,Airport SPV,Civil Aviation,Terminal Building,Gujarat,Rajkot,4012,4250,3689,Budgetary Support,2019-06-05,2019-10-05,2023-08-05,2024-04-05,,85.2,99,Delayed,95,Partial,EPC,Bharat Constructions,Right of way,,8,2026-09-13
RO-2190,"Expressway Package-2, Kutch",Ministry of Road Transport & Highways,NHAI,Roads & Highways,National Highway,Gujarat,Rajkot,3921,4064,4023,PPP,2018-08-05,2018-10-05,2023-04-05,2023-05-05,,100,99,Completed,98,Approved,HAM,Himalaya Builders,,,1,2026-09-13
PO-2191,"Thermal Section-9, Mysuru",Ministry of Power,POWERGRID,Power,Thermal,Karnataka,Belagavi,2246,2637,2073,External Assistance,2019-09-05,2020-03-05,2024-09-05,2026-05-05,,78.1,99,Severely Delayed,67,Pending,HAM,Indus Civil Works,Contractor performance,Funds constraint,20,2026-09-11
PO-2192,"Berth Unit-7, Kutch","Ministry of Ports, Shipping & Waterways",IWAI,Ports & Shipping,Terminal,Gujarat,Kutch,2689,2866,2783,Budgetary Support,2021-09-05,2021-12-05,2025-01-05,2025-11-05,,91.6,99,Delayed,84,Partial,EPC,Konark EPC,Design revision,,10,2026-09-01
TE-2193,"Rural Connectivity Phase-3, Kutch",Ministry of Communications,C-DOT,Telecom,Optical Fibre,Gujarat,Surat,1579,1609,1439,Budgetary Support,2019-09-05,2019-11-05,2024-08-05,2024-10-05,,94.6,99,Slight Delay,95,Approved,EPC,Deepak Engineering,,,2,2026-09-10
RA-2194,"New Line Package-8, Pune",Ministry of Railways,IRCON,Railways,Terminal,Maharashtra,Nashik,827,841,833,External Assistance,2018-01-05,2018-01-05,2020-10-05,2020-11-05,,96,99,On Schedule,93,Approved,Item Rate,Konark EPC,,,1,2026-09-06
RA-2195,"New Line Unit-8, Thrissur",Ministry of Railways,Railway Zone Unit,Railways,Electrification,Kerala,Ernakulam,1530,1762,1267,PPP,2017-01-05,2017-07-05,2023-02-05,2024-01-05,,71,99,Delayed,56,Pending,Item Rate,Eastern Projects Ltd,Funds constraint,Funds constraint,11,2026-09-14
TE-2196,"Rural Connectivity Section-6, Visakhapatnam",Ministry of Communications,BSNL,Telecom,Data Centre,Andhra Pradesh,Guntur,510,536,461,External Assistance,2021-08-05,2021-11-05,2026-06-05,2027-01-05,,86.8,99,Delayed,88,Approved,HAM,Lakshmi Engineering,Contractor performance,,7,2026-08-23
PO-2197,"Thermal Section-5, Nizamabad",Ministry of Power,NTPC,Power,Hydro,Telangana,Warangal,3807,4949,3957,PPP,2021-06-05,2021-08-05,2025-06-05,2026-05-05,,78.7,99,Delayed,72,Partial,Turnkey,Indus Civil Works,Right of way,Material supply,11,2026-08-13
CI-2198,"Cargo Complex Phase-2, Kozhikode",Ministry of Civil Aviation,AAICLAS,Civil Aviation,Cargo Complex,Kerala,Kozhikode,589,642,636,Budgetary Support,2018-02-05,2018-09-05,2021-07-05,2022-05-05,,93.9,99,Delayed,93,Partial,Turnkey,Lakshmi Engineering,Material supply,,10,2026-08-31
WA-2199,"Flood Control Section-2, Angul",Ministry of Jal Shakti,State Irrigation Dept,Water Resources,Dam,Odisha,Sundargarh,663,715,659,PPP,2020-07-05,2020-09-05,2024-12-05,2025-09-05,,88.6,99,Delayed,93,Partial,HAM,Bharat Constructions,Forest/environment clearance,,9,2026-08-22
CI-2200,"ATC Upgrade Phase-9, Gorakhpur",Ministry of Civil Aviation,AAI,Civil Aviation,Runway,Uttar Pradesh,Gorakhpur,2449,2518,2493,Internal & Extra Budgetary Resources,2020-05-05,2020-07-05,2023-02-05,2023-03-05,,99.4,99,On Schedule,95,Approved,BOT,Bharat Constructions,,,1,2026-09-07
CI-2201,"ATC Upgrade Package-9, Jabalpur",Ministry of Civil Aviation,AAI,Civil Aviation,Cargo Complex,Madhya Pradesh,Bhopal,2217,2822,2333,Budgetary Support,2022-11-05,2023-02-05,2026-04-05,2027-01-05,,82.4,99,Delayed,61,Partial,EPC,Garuda Infratech,Design revision,Utility shifting,9,2026-08-22
TE-2202,"Optical Fibre Unit-6, Nadia",Ministry of Communications,C-DOT,Telecom,Optical Fibre,West Bengal,Nadia,3414,3779,3512,Budgetary Support,2018-08-05,2018-10-05,2022-02-05,2022-12-05,,93,99,Delayed,90,Partial,Turnkey,Lakshmi Engineering,Forest/environment clearance,,10,2026-08-26
CI-2203,"Cargo Complex Phase-4, New Delhi",Ministry of Civil Aviation,AAICLAS,Civil Aviation,Cargo Complex,Delhi,New Delhi,2590,3242,2628,Budgetary Support,2019-03-05,2019-09-05,2023-11-05,2025-10-05,,82.1,99,Severely Delayed,80,Pending,EPC,Bharat Constructions,Forest/environment clearance,Right of way,23,2026-09-07
CI-2204,"Runway Package-8, New Delhi",Ministry of Civil Aviation,AAICLAS,Civil Aviation,Terminal Building,Delhi,New Delhi,3793,4678,3695,Budgetary Support,2020-11-05,2021-02-05,2026-10-05,2028-06-05,,74.9,99,Severely Delayed,64,Pending,EPC,Konark EPC,Utility shifting,Material supply,20,2026-09-17
PE-2205,"Pipeline Phase-8, Cachar",Ministry of Petroleum & Natural Gas,ONGC,Petroleum & Natural Gas,Pipeline,Assam,Kamrup,2335,2608,2319,PPP,2017-05-05,2017-11-05,2022-10-05,2023-08-05,,91.6,99,Delayed,94,Approved,BOT,Himalaya Builders,Land acquisition,,10,2026-08-28
PO-2206,"Dredging Package-5, New Delhi","Ministry of Ports, Shipping & Waterways",IWAI,Ports & Shipping,Dredging,Delhi,New Delhi,3063,3097,3066,Budgetary Support,2018-02-05,2018-03-05,2024-01-05,2024-02-05,,100,99,Completed,93,Partial,BOT,Konark EPC,,,1,2026-09-11
UR-2207,"Sewerage Package-6, Madurai",Ministry of Housing & Urban Affairs,Urban Development Authority,Urban Development,Water Supply,Tamil Nadu,Salem,1346,1368,1354,External Assistance,2021-05-05,2021-05-05,2024-05-05,2024-06-05,,99.7,99,On Schedule,94,Approved,EPC,Himalaya Builders,,,1,2026-09-13
PO-2208,"Transmission Unit-8, Jabalpur",Ministry of Power,NHPC,Power,Hydro,Madhya Pradesh,Indore,2427,2502,2477,External Assistance,2022-03-05,2022-03-05,2025-04-05,2025-05-05,,100,99,Completed,92,Approved,BOT,Lakshmi Engineering,,,1,2026-09-04
UR-2209,"Sewerage Unit-3, Nagpur",Ministry of Housing & Urban Affairs,Metro Rail Corporation,Urban Development,Smart City,Maharashtra,Nagpur,405,418,414,PPP,2020-12-05,2021-01-05,2026-10-05,,,99,99,On Schedule,92,Approved,BOT,Garuda Infratech,,,0,2026-09-03
RA-2210,"Doubling Unit-4, Muzaffarpur",Ministry of Railways,Railway Zone Unit,Railways,New Line,Bihar,Gaya,1583,1734,1497,Budgetary Support,2017-07-05,2017-11-05,2023-06-05,2023-12-05,,88.6,99,Delayed,87,Partial,EPC,Aarvi Infra Ltd,Contractor performance,,6,2026-08-21
TE-2211,"Tower Network Unit-4, Visakhapatnam",Ministry of Communications,BBNL,Telecom,Rural Connectivity,Andhra Pradesh,Visakhapatnam,1339,1381,1277,Internal & Extra Budgetary Resources,2021-04-05,2021-05-05,2025-06-05,2025-07-05,,98.1,99,On Schedule,97,Partial,EPC,Aarvi Infra Ltd,,,1,2026-08-23
RO-2212,"Bridge Package-5, Kota",Ministry of Road Transport & Highways,NHAI,Roads & Highways,Bridge,Rajasthan,Jaipur,4197,4278,4235,Internal & Extra Budgetary Resources,2019-04-05,2019-05-05,2021-09-05,2021-11-05,,99,99,Slight Delay,96,Approved,EPC,Lakshmi Engineering,,,2,2026-09-09
PO-2213,"Transmission Package-3, Nagpur",Ministry of Power,POWERGRID,Power,Transmission,Maharashtra,Nagpur,871,1058,770,External Assistance,2019-06-05,2019-12-05,2023-09-05,2024-06-05,,72.3,99,Delayed,71,Pending,EPC,Aarvi Infra Ltd,Utility shifting,Funds constraint,9,2026-08-06
PO-2214,"Thermal Section-9, Sundargarh",Ministry of Power,NHPC,Power,Thermal,Odisha,Angul,3448,3569,3485,PPP,2021-01-05,2021-03-05,2026-11-05,2026-12-05,,93.3,98,On Schedule,98,Approved,Turnkey,Indus Civil Works,,,1,2026-08-27
PO-2215,"Berth Unit-8, Muzaffarpur","Ministry of Ports, Shipping & Waterways",IWAI,Ports & Shipping,Dredging,Bihar,Gaya,3528,4287,2408,External Assistance,2022-11-05,2022-12-05,2027-05-05,2028-06-05,,56.2,86,Severely Delayed,81,Pending,Item Rate,Aarvi Infra Ltd,Funds constraint,Litigation,13,2026-09-11
CI-2216,"Cargo Complex Unit-5, Surat",Ministry of Civil Aviation,AAICLAS,Civil Aviation,Terminal Building,Gujarat,Rajkot,2368,2411,2074,PPP,2022-09-05,2022-10-05,2027-10-05,2027-12-05,,79.6,79,Slight Delay,97,Partial,HAM,Meghna Infra,,,2,2026-08-25
RA-2217,"New Line Unit-1, Belagavi",Ministry of Railways,IRCON,Railways,Terminal,Karnataka,Belagavi,1148,1195,1183,Internal & Extra Budgetary Resources,2019-06-05,2019-08-05,2024-02-05,2024-03-05,,99.8,99,On Schedule,96,Partial,EPC,Garuda Infratech,,,1,2026-08-22
PE-2218,"City Gas Section-5, Nagpur",Ministry of Petroleum & Natural Gas,IOCL,Petroleum & Natural Gas,City Gas,Maharashtra,Thane,1150,1184,1172,PPP,2019-07-05,2019-07-05,2022-12-05,2023-02-05,,100,99,Completed,98,Approved,BOT,Chetak EPC Pvt Ltd,,,2,2026-09-06
WA-2219,"Canal Network Package-3, Bardhaman",Ministry of Jal Shakti,WAPCOS,Water Resources,Flood Control,West Bengal,Howrah,3502,3666,3372,PPP,2018-08-05,2018-10-05,2021-11-05,2022-01-05,,97.4,99,Slight Delay,96,Partial,HAM,Himalaya Builders,,,2,2026-09-02
UR-2220,"Water Supply Package-9, Varanasi",Ministry of Housing & Urban Affairs,Metro Rail Corporation,Urban Development,Water Supply,Uttar Pradesh,Varanasi,3842,3849,3811,External Assistance,2018-09-05,2018-11-05,2023-07-05,2023-09-05,,96.6,99,Slight Delay,96,Approved,HAM,Meghna Infra,,,2,2026-09-07
CI-2221,"Terminal Building Unit-2, Nizamabad",Ministry of Civil Aviation,Airport SPV,Civil Aviation,Terminal Building,Telangana,Rangareddy,848,856,845,PPP,2019-02-05,2019-02-05,2021-11-05,2021-12-05,,95.1,99,On Schedule,96,Approved,EPC,Deepak Engineering,,,1,2026-09-14
PO-2222,"Port Connectivity Phase-5, Khordha","Ministry of Ports, Shipping & Waterways",IWAI,Ports & Shipping,Dredging,Odisha,Khordha,3698,3860,3793,Budgetary Support,2019-07-05,2019-08-05,2025-06-05,2025-08-05,,94.5,99,Slight Delay,99,Approved,BOT,Bharat Constructions,,,2,2026-09-14
TE-2223,"Tower Network Phase-6, Mysuru",Ministry of Communications,BBNL,Telecom,Rural Connectivity,Karnataka,Mysuru,1606,1624,1559,PPP,2023-01-05,2023-02-05,2026-11-05,,,95,97,On Schedule,93,Approved,Turnkey,Chetak EPC Pvt Ltd,,,0,2026-09-16
TE-2224,"Data Centre Unit-4, Ernakulam",Ministry of Communications,C-DOT,Telecom,Optical Fibre,Kerala,Ernakulam,340,363,350,Budgetary Support,2019-02-05,2019-09-05,2024-02-05,2024-08-05,,90.7,99,Delayed,82,Partial,EPC,Deepak Engineering,Material supply,,6,2026-09-14
PE-2225,"Terminal Unit-3, Khordha",Ministry of Petroleum & Natural Gas,GAIL,Petroleum & Natural Gas,Pipeline,Odisha,Khordha,3806,3844,3806,PPP,2019-06-05,2019-07-05,2022-08-05,2022-10-05,,100,99,Completed,94,Partial,Item Rate,Deepak Engineering,,,2,2026-08-29
PO-2226,"Transmission Package-8, Kozhikode",Ministry of Power,NHPC,Power,Hydro,Kerala,Kozhikode,1936,1968,1896,Budgetary Support,2021-04-05,2021-06-05,2024-08-05,2024-09-05,,98.3,99,On Schedule,99,Approved,Item Rate,Bharat Constructions,,,1,2026-09-19
CI-2227,"Cargo Complex Phase-2, Muzaffarpur",Ministry of Civil Aviation,AAICLAS,Civil Aviation,Cargo Complex,Bihar,Patna,136,142,141,Internal & Extra Budgetary Resources,2022-11-05,2023-01-05,2026-12-05,,,99,95,On Schedule,98,Partial,Item Rate,Konark EPC,,,0,2026-09-12
WA-2228,"Flood Control Section-6, Jabalpur",Ministry of Jal Shakti,NWDA,Water Resources,Canal Network,Madhya Pradesh,Indore,1124,1168,1156,External Assistance,2021-10-05,2021-12-05,2024-05-05,2024-07-05,,98.4,99,Slight Delay,93,Approved,Item Rate,Lakshmi Engineering,,,2,2026-09-11
RO-2229,"Bypass Section-1, Howrah",Ministry of Road Transport & Highways,NHIDCL,Roads & Highways,Bypass,West Bengal,Howrah,1477,1514,1499,Budgetary Support,2020-01-05,2020-02-05,2022-11-05,,,95.5,99,On Schedule,97,Approved,BOT,Garuda Infratech,,,0,2026-09-18
PE-2230,"City Gas Unit-9, Jabalpur",Ministry of Petroleum & Natural Gas,ONGC,Petroleum & Natural Gas,Terminal,Madhya Pradesh,Indore,3481,3572,3536,Internal & Extra Budgetary Resources,2018-02-05,2018-03-05,2022-11-05,2022-12-05,,97.3,99,On Schedule,98,Approved,EPC,Himalaya Builders,,,1,2026-08-24
PE-2231,"City Gas Unit-9, Rangareddy",Ministry of Petroleum & Natural Gas,IOCL,Petroleum & Natural Gas,City Gas,Telangana,Rangareddy,2687,2736,2709,PPP,2018-10-05,2018-11-05,2023-06-05,,,100,99,Completed,97,Approved,HAM,Bharat Constructions,,,0,2026-09-17
CI-2232,"Terminal Building Package-2, Nagaon",Ministry of Civil Aviation,Airport SPV,Civil Aviation,ATC Upgrade,Assam,Nagaon,1849,2289,1868,Budgetary Support,2018-10-05,2019-04-05,2024-06-05,2025-11-05,,81.4,99,Severely Delayed,78,Pending,BOT,Nirvana Projects Ltd,Litigation,Land acquisition,17,2026-09-04
UR-2233,"Metro Rail Unit-4, Belagavi",Ministry of Housing & Urban Affairs,Metro Rail Corporation,Urban Development,Water Supply,Karnataka,Bengaluru Rural,2875,2954,2278,PPP,2023-05-05,2023-07-05,2027-10-05,,,75.1,76,On Schedule,98,Partial,BOT,Nirvana Projects Ltd,,,0,2026-09-10
CI-2234,"Terminal Building Unit-7, Jaipur",Ministry of Civil Aviation,AAI,Civil Aviation,ATC Upgrade,Rajasthan,Kota,2991,3112,2848,PPP,2021-05-05,2021-11-05,2027-03-05,2027-07-05,,84.9,91,Slight Delay,93,Approved,Turnkey,Indus Civil Works,Adverse weather,,4,2026-09-13
TE-2235,"Rural Connectivity Unit-4, Jaipur",Ministry of Communications,BSNL,Telecom,Data Centre,Rajasthan,Jaipur,2269,2289,2208,External Assistance,2019-04-05,2019-06-05,2022-08-05,2022-09-05,,99,99,On Schedule,99,Partial,EPC,Eastern Projects Ltd,,,1,2026-08-26
UR-2236,"Water Supply Section-8, Thrissur",Ministry of Housing & Urban Affairs,Municipal Corporation,Urban Development,Smart City,Kerala,Thrissur,682,713,706,External Assistance,2018-07-05,2018-09-05,2023-02-05,2023-03-05,,95.4,99,On Schedule,92,Approved,HAM,Lakshmi Engineering,,,1,2026-09-07
PO-2237,"Berth Package-6, Bardhaman","Ministry of Ports, Shipping & Waterways",Port Authority,Ports & Shipping,Port Connectivity,West Bengal,Howrah,1493,1493,1478,Budgetary Support,2021-03-05,2021-04-05,2025-12-05,,,100,99,Completed,96,Approved,HAM,Meghna Infra,,,0,2026-08-22
TE-2238,"Data Centre Section-2, Kamrup",Ministry of Communications,BSNL,Telecom,Optical Fibre,Assam,Nagaon,4174,4255,4128,Budgetary Support,2020-04-05,2020-05-05,2025-02-05,2025-03-05,,99.6,99,On Schedule,94,Partial,BOT,Deepak Engineering,,,1,2026-08-28
CI-2239,"Runway Package-8, Rangareddy",Ministry of Civil Aviation,AAICLAS,Civil Aviation,Runway,Telangana,Rangareddy,82,83,81,PPP,2020-07-05,2020-07-05,2024-07-05,2024-09-05,,96.2,99,Slight Delay,98,Partial,EPC,Deepak Engineering,,,2,2026-08-20
PO-2240,"Dredging Phase-6, Visakhapatnam","Ministry of Ports, Shipping & Waterways",Sagarmala Unit,Ports & Shipping,Port Connectivity,Andhra Pradesh,Guntur,538,658,491,External Assistance,2018-01-05,2018-08-05,2023-06-05,2024-03-05,,78,99,Delayed,58,Pending,Item Rate,Bharat Constructions,Adverse weather,Adverse weather,9,2026-08-25
PE-2241,"Terminal Phase-1, Kozhikode",Ministry of Petroleum & Natural Gas,GAIL,Petroleum & Natural Gas,Refinery Unit,Kerala,Thrissur,448,468,463,PPP,2018-04-05,2018-04-05,2020-09-05,2020-10-05,,100,99,Completed,97,Approved,Item Rate,Garuda Infratech,,,1,2026-09-04
CI-2242,"ATC Upgrade Unit-2, Warangal",Ministry of Civil Aviation,AAICLAS,Civil Aviation,ATC Upgrade,Telangana,Rangareddy,200,208,133,Internal & Extra Budgetary Resources,2022-06-05,2022-11-05,2028-01-05,2028-06-05,,61.2,75,Slight Delay,89,Partial,Turnkey,Konark EPC,Design revision,,5,2026-08-24
RO-2243,"Bypass Section-7, New Delhi",Ministry of Road Transport & Highways,NHAI,Roads & Highways,Bypass,Delhi,South West Delhi,3288,3291,3258,Budgetary Support,2017-10-05,2017-11-05,2023-06-05,,,99.5,99,On Schedule,95,Approved,Turnkey,Himalaya Builders,,,0,2026-09-05
RO-2244,"Expressway Section-7, Kutch",Ministry of Road Transport & Highways,State PWD Wing,Roads & Highways,National Highway,Gujarat,Kutch,448,537,417,Budgetary Support,2019-11-05,2019-12-05,2022-07-05,2023-09-05,,78.3,99,Severely Delayed,68,Partial,EPC,Himalaya Builders,Design revision,Forest/environment clearance,14,2026-08-23
CI-2245,"Runway Section-7, Jodhpur",Ministry of Civil Aviation,AAICLAS,Civil Aviation,ATC Upgrade,Rajasthan,Jodhpur,1982,2074,2053,PPP,2019-05-05,2019-06-05,2023-05-05,2023-07-05,,100,99,Completed,93,Approved,HAM,Indus Civil Works,,,2,2026-08-23
RO-2246,"National Highway Section-2, Kurnool",Ministry of Road Transport & Highways,NHAI,Roads & Highways,Expressway,Andhra Pradesh,Visakhapatnam,3872,4964,4144,External Assistance,2017-07-05,2017-09-05,2022-08-05,2023-12-05,,81.5,99,Severely Delayed,71,Partial,Item Rate,Chetak EPC Pvt Ltd,Funds constraint,Land acquisition,16,2026-08-02
RO-2247,"National Highway Phase-6, Guntur",Ministry of Road Transport & Highways,State PWD Wing,Roads & Highways,Expressway,Andhra Pradesh,Kurnool,2467,2513,2488,Internal & Extra Budgetary Resources,2022-07-05,2022-07-05,2025-08-05,2025-09-05,,96.7,99,On Schedule,93,Partial,Turnkey,Konark EPC,,,1,2026-09-10
RO-2248,"National Highway Section-7, Surat",Ministry of Road Transport & Highways,NHAI,Roads & Highways,Bridge,Gujarat,Rajkot,3289,3291,3258,Budgetary Support,2019-07-05,2019-09-05,2025-01-05,2025-02-05,,100,99,Completed,93,Approved,Item Rate,Deepak Engineering,,,1,2026-08-27
PE-2249,"Refinery Unit Unit-8, Mysuru",Ministry of Petroleum & Natural Gas,GAIL,Petroleum & Natural Gas,Terminal,Karnataka,Mysuru,767,803,769,PPP,2018-09-05,2018-09-05,2024-08-05,2024-09-05,,94.3,99,On Schedule,99,Approved,Item Rate,Deepak Engineering,,,1,2026-09-18
RA-2250,"Terminal Package-2, Belagavi",Ministry of Railways,IRCON,Railways,Electrification,Karnataka,Belagavi,4184,4244,4133,Internal & Extra Budgetary Resources,2020-02-05,2020-02-05,2025-12-05,2026-01-05,,97.5,99,On Schedule,93,Partial,Turnkey,Indus Civil Works,,,1,2026-09-15
TE-2251,"Optical Fibre Section-1, Angul",Ministry of Communications,BSNL,Telecom,Tower Network,Odisha,Angul,844,873,830,PPP,2018-06-05,2018-07-05,2021-02-05,,,97.1,99,On Schedule,97,Approved,Turnkey,Meghna Infra,,,0,2026-09-13
PO-2252,"Berth Unit-1, Mysuru","Ministry of Ports, Shipping & Waterways",Sagarmala Unit,Ports & Shipping,Berth,Karnataka,Mysuru,228,236,228,External Assistance,2022-08-05,2022-10-05,2025-07-05,,,98.6,99,On Schedule,100,Approved,Turnkey,Garuda Infratech,,,0,2026-08-20
RO-2253,"Bypass Package-2, Visakhapatnam",Ministry of Road Transport & Highways,NHIDCL,Roads & Highways,Bypass,Andhra Pradesh,Guntur,3663,3754,3659,Budgetary Support,2021-08-05,2021-08-05,2025-02-05,2025-03-05,,100,99,Completed,98,Approved,EPC,Himalaya Builders,,,1,2026-09-06
RA-2254,"Electrification Phase-2, New Delhi",Ministry of Railways,RVNL,Railways,Doubling,Delhi,South West Delhi,1953,1985,1965,PPP,2018-09-05,2018-11-05,2023-12-05,2024-01-05,,98.3,99,On Schedule,95,Approved,EPC,Indus Civil Works,,,1,2026-09-03
RA-2255,"Terminal Unit-2, New Delhi",Ministry of Railways,RVNL,Railways,New Line,Delhi,South West Delhi,574,713,534,PPP,2023-06-05,2023-09-05,2027-02-05,2028-05-05,,70.3,89,Severely Delayed,82,Pending,HAM,Deepak Engineering,Material supply,Material supply,15,2026-09-17
TE-2256,"Tower Network Phase-2, Kota",Ministry of Communications,BSNL,Telecom,Rural Connectivity,Rajasthan,Jodhpur,2626,2657,2630,Internal & Extra Budgetary Resources,2019-10-05,2019-11-05,2024-08-05,2024-09-05,,100,99,Completed,93,Approved,EPC,Garuda Infratech,,,1,2026-08-27
WA-2257,"Irrigation Package-4, Bardhaman",Ministry of Jal Shakti,NWDA,Water Resources,Canal Network,West Bengal,Howrah,3233,3293,3058,PPP,2023-04-05,2023-05-05,2026-11-05,2026-12-05,,97.4,97,On Schedule,93,Partial,Item Rate,Garuda Infratech,,,1,2026-08-30
WA-2258,"Flood Control Section-7, South West Delhi",Ministry of Jal Shakti,NWDA,Water Resources,Irrigation,Delhi,New Delhi,1942,1981,1808,Internal & Extra Budgetary Resources,2018-12-05,2018-12-05,2021-11-05,2021-12-05,,94.7,99,On Schedule,99,Approved,EPC,Garuda Infratech,,,1,2026-09-05
CI-2259,"Runway Unit-2, South West Delhi",Ministry of Civil Aviation,Airport SPV,Civil Aviation,Terminal Building,Delhi,South West Delhi,2102,2174,2145,External Assistance,2020-09-05,2020-09-05,2025-10-05,2025-12-05,,100,99,Completed,96,Approved,Item Rate,Indus Civil Works,,,2,2026-08-29
TE-2260,"Rural Connectivity Package-1, Bengaluru Rural",Ministry of Communications,C-DOT,Telecom,Rural Connectivity,Karnataka,Belagavi,1628,1709,1692,PPP,2020-04-05,2020-05-05,2025-08-05,2025-10-05,,100,99,Completed,94,Partial,BOT,Lakshmi Engineering,,,2,2026-08-31
RA-2261,"New Line Phase-9, Kanpur Nagar",Ministry of Railways,IRCON,Railways,Doubling,Uttar Pradesh,Kanpur Nagar,235,256,210,External Assistance,2020-05-05,2020-11-05,2025-01-05,2025-10-05,,87.4,99,Delayed,93,Approved,Item Rate,Himalaya Builders,Funds constraint,,9,2026-09-12
RO-2262,"Bridge Package-7, South West Delhi",Ministry of Road Transport & Highways,NHAI,Roads & Highways,National Highway,Delhi,New Delhi,4095,4911,3860,PPP,2018-02-05,2018-04-05,2023-08-05,2024-11-05,,77.9,99,Severely Delayed,62,Pending,Turnkey,Nirvana Projects Ltd,Litigation,Design revision,15,2026-08-27
RA-2263,"Terminal Section-6, Jabalpur",Ministry of Railways,RVNL,Railways,Electrification,Madhya Pradesh,Bhopal,2144,2299,2124,Internal & Extra Budgetary Resources,2022-11-05,2023-01-05,2025-09-05,2026-08-05,,90.1,99,Delayed,84,Approved,BOT,Aarvi Infra Ltd,Utility shifting,,11,2026-09-07
TE-2264,"Data Centre Section-5, Patna",Ministry of Communications,C-DOT,Telecom,Tower Network,Bihar,Patna,1199,1225,1125,PPP,2021-03-05,2021-04-05,2027-01-05,2027-03-05,,95,95,Slight Delay,95,Approved,Turnkey,Indus Civil Works,,,2,2026-09-03
TE-2265,"Optical Fibre Unit-2, Nadia",Ministry of Communications,BSNL,Telecom,Rural Connectivity,West Bengal,Nadia,1596,1739,601,External Assistance,2023-10-05,2024-03-05,2029-10-05,2030-07-05,,35.4,46,Delayed,88,Partial,Turnkey,Konark EPC,Land acquisition,,9,2026-08-26
RA-2266,"Doubling Section-4, Warangal",Ministry of Railways,RVNL,Railways,Terminal,Telangana,Rangareddy,706,911,622,External Assistance,2020-07-05,2020-09-05,2023-03-05,2023-12-05,,70.4,99,Delayed,79,Partial,Turnkey,Garuda Infratech,Material supply,Design revision,9,2026-08-04
PO-2267,"Transmission Phase-4, Gorakhpur",Ministry of Power,POWERGRID,Power,Solar Park,Uttar Pradesh,Varanasi,2377,2547,2240,Budgetary Support,2021-10-05,2022-04-05,2024-09-05,2025-04-05,,93.1,99,Delayed,84,Partial,Item Rate,Nirvana Projects Ltd,Contractor performance,,7,2026-09-17
WA-2268,"Dam Phase-9, Bardhaman",Ministry of Jal Shakti,WAPCOS,Water Resources,Canal Network,West Bengal,Howrah,2327,2506,2362,PPP,2023-07-05,2023-11-05,2026-05-05,2026-10-05,,89.2,99,Slight Delay,80,Approved,Turnkey,Himalaya Builders,Adverse weather,,5,2026-08-28
PO-2269,"Berth Package-3, Mysuru","Ministry of Ports, Shipping & Waterways",Port Authority,Ports & Shipping,Berth,Karnataka,Belagavi,1793,1866,1796,Internal & Extra Budgetary Resources,2017-10-05,2017-12-05,2020-12-05,2021-02-05,,94.7,99,Slight Delay,99,Partial,Turnkey,Lakshmi Engineering,,,2,2026-09-16
CI-2270,"Cargo Complex Package-8, Kurnool",Ministry of Civil Aviation,AAI,Civil Aviation,Runway,Andhra Pradesh,Kurnool,2329,2577,2266,External Assistance,2019-03-05,2019-06-05,2025-02-05,2025-08-05,,85.1,99,Delayed,93,Partial,EPC,Lakshmi Engineering,Land acquisition,,6,2026-08-22
RA-2271,"Terminal Phase-2, Salem",Ministry of Railways,Railway Zone Unit,Railways,New Line,Tamil Nadu,Madurai,1637,1661,1644,PPP,2022-04-05,2022-05-05,2026-04-05,2026-06-05,,98.1,99,Slight Delay,100,Approved,HAM,Himalaya Builders,,,2,2026-09-07
PO-2272,"Solar Park Package-8, Kanpur Nagar",Ministry of Power,NHPC,Power,Transmission,Uttar Pradesh,Gorakhpur,629,816,613,Budgetary Support,2020-03-05,2020-06-05,2024-10-05,2025-09-05,,78.3,99,Delayed,67,Partial,Item Rate,Himalaya Builders,Design revision,Litigation,11,2026-09-03
CI-2273,"Cargo Complex Unit-1, Jodhpur",Ministry of Civil Aviation,Airport SPV,Civil Aviation,Terminal Building,Rajasthan,Kota,818,820,772,PPP,2021-05-05,2021-07-05,2025-11-05,,,100,99,Completed,93,Approved,BOT,Garuda Infratech,,,0,2026-09-04
PE-2274,"Terminal Section-4, Surat",Ministry of Petroleum & Natural Gas,GAIL,Petroleum & Natural Gas,Terminal,Gujarat,Surat,1532,1883,558,Internal & Extra Budgetary Resources,2023-09-05,2023-11-05,2028-08-05,2030-01-05,,31.5,61,Severely Delayed,80,Pending,EPC,Garuda Infratech,Adverse weather,Funds constraint,17,2026-08-21
TE-2275,"Tower Network Unit-1, Rangareddy",Ministry of Communications,BSNL,Telecom,Optical Fibre,Telangana,Nizamabad,4011,4170,3944,PPP,2022-06-05,2022-06-05,2025-06-05,,,100,99,Completed,99,Approved,HAM,Deepak Engineering,,,0,2026-09-14
RA-2276,"Electrification Package-6, New Delhi",Ministry of Railways,Railway Zone Unit,Railways,New Line,Delhi,South West Delhi,2176,2273,2250,PPP,2022-03-05,2022-04-05,2026-05-05,2026-06-05,,99,99,On Schedule,92,Approved,EPC,Bharat Constructions,,,1,2026-08-26
TE-2277,"Tower Network Phase-5, Nizamabad",Ministry of Communications,BSNL,Telecom,Rural Connectivity,Telangana,Nizamabad,1016,1049,943,Budgetary Support,2022-01-05,2022-03-05,2027-08-05,,,84.2,84,On Schedule,99,Partial,Item Rate,Himalaya Builders,,,0,2026-08-21
RO-2278,"Expressway Unit-6, Bardhaman",Ministry of Road Transport & Highways,State PWD Wing,Roads & Highways,Bypass,West Bengal,Nadia,3520,3917,3728,Budgetary Support,2021-07-05,2021-12-05,2025-07-05,2026-01-05,,93.9,99,Delayed,81,Partial,Turnkey,Bharat Constructions,Funds constraint,,6,2026-09-15
PO-2279,"Solar Park Unit-4, Thane",Ministry of Power,POWERGRID,Power,Transmission,Maharashtra,Nashik,589,619,613,Budgetary Support,2019-12-05,2020-02-05,2023-06-05,2024-04-05,,92.6,99,Delayed,85,Partial,Item Rate,Garuda Infratech,Forest/environment clearance,,10,2026-08-28
RO-2280,"Bridge Section-6, Cachar",Ministry of Road Transport & Highways,NHAI,Roads & Highways,Expressway,Assam,Cachar,1966,2159,1851,Budgetary Support,2018-09-05,2018-11-05,2023-09-05,2024-05-05,,87.8,99,Delayed,87,Approved,BOT,Garuda Infratech,Design revision,,8,2026-08-26
RA-2281,"Doubling Unit-7, Bengaluru Rural",Ministry of Railways,IRCON,Railways,Doubling,Karnataka,Mysuru,2017,2024,1790,PPP,2023-11-05,2023-12-05,2027-07-05,2027-09-05,,81.3,78,Slight Delay,95,Approved,EPC,Deepak Engineering,,,2,2026-08-28
RA-2282,"Doubling Section-5, Nadia",Ministry of Railways,RVNL,Railways,Doubling,West Bengal,Howrah,1619,1751,1591,Budgetary Support,2017-10-05,2018-03-05,2024-01-05,2024-09-05,,86.1,99,Delayed,95,Partial,Turnkey,Konark EPC,Adverse weather,,8,2026-08-24
PO-2283,"Hydro Package-6, Belagavi",Ministry of Power,NHPC,Power,Solar Park,Karnataka,Mysuru,3898,4093,3797,Budgetary Support,2019-05-05,2019-05-05,2024-02-05,,,95.8,99,On Schedule,92,Partial,Turnkey,Indus Civil Works,,,0,2026-08-30
TE-2284,"Optical Fibre Package-6, Cachar",Ministry of Communications,BBNL,Telecom,Rural Connectivity,Assam,Kamrup,4180,4265,4222,Internal & Extra Budgetary Resources,2018-01-05,2018-01-05,2023-06-05,2023-08-05,,100,99,Completed,99,Partial,Turnkey,Deepak Engineering,,,2,2026-09-04
WA-2285,"Irrigation Unit-3, Jaipur",Ministry of Jal Shakti,State Irrigation Dept,Water Resources,Irrigation,Rajasthan,Jodhpur,287,307,302,External Assistance,2018-09-05,2019-03-05,2024-05-05,2024-10-05,,93,99,Slight Delay,91,Partial,Turnkey,Garuda Infratech,Contractor performance,,5,2026-09-15
TE-2286,"Rural Connectivity Package-6, Dibrugarh",Ministry of Communications,C-DOT,Telecom,Optical Fibre,Assam,Nagaon,3885,4159,3908,PPP,2019-08-05,2020-01-05,2024-02-05,2024-11-05,,86.3,99,Delayed,89,Approved,EPC,Himalaya Builders,Funds constraint,,9,2026-09-16
PE-2287,"Refinery Unit Package-7, Nagpur",Ministry of Petroleum & Natural Gas,ONGC,Petroleum & Natural Gas,Refinery Unit,Maharashtra,Nashik,3490,3492,3322,Budgetary Support,2018-10-05,2018-10-05,2024-09-05,2024-10-05,,100,99,Completed,95,Approved,Turnkey,Himalaya Builders,,,1,2026-09-09
UR-2288,"Smart City Phase-7, Angul",Ministry of Housing & Urban Affairs,Metro Rail Corporation,Urban Development,Smart City,Odisha,Khordha,3557,3558,2162,External Assistance,2023-04-05,2023-05-05,2029-03-05,2029-04-05,,53.8,58,On Schedule,97,Approved,Turnkey,Eastern Projects Ltd,,,1,2026-08-30
CI-2289,"ATC Upgrade Package-9, South West Delhi",Ministry of Civil Aviation,AAICLAS,Civil Aviation,Runway,Delhi,New Delhi,2549,2600,2504,External Assistance,2018-09-05,2018-10-05,2022-11-05,2022-12-05,,94.6,99,On Schedule,96,Approved,HAM,Nirvana Projects Ltd,,,1,2026-09-06
PO-2290,"Port Connectivity Section-2, Dibrugarh","Ministry of Ports, Shipping & Waterways",Port Authority,Ports & Shipping,Berth,Assam,Kamrup,592,609,595,PPP,2021-12-05,2021-12-05,2024-05-05,,,100,99,Completed,97,Partial,Turnkey,Indus Civil Works,,,0,2026-09-04
PO-2291,"Terminal Unit-4, Guntur","Ministry of Ports, Shipping & Waterways",Port Authority,Ports & Shipping,Terminal,Andhra Pradesh,Guntur,2993,3256,2886,Internal & Extra Budgetary Resources,2018-01-05,2018-07-05,2021-07-05,2022-04-05,,90.3,99,Delayed,92,Partial,HAM,Indus Civil Works,Forest/environment clearance,,9,2026-09-12
PO-2292,"Terminal Phase-7, Sundargarh","Ministry of Ports, Shipping & Waterways",IWAI,Ports & Shipping,Terminal,Odisha,Khordha,3465,3492,3336,Internal & Extra Budgetary Resources,2019-05-05,2019-06-05,2023-01-05,,,98.1,99,On Schedule,98,Approved,Item Rate,Aarvi Infra Ltd,,,0,2026-09-02
RO-2293,"Bypass Phase-5, Khordha",Ministry of Road Transport & Highways,NHAI,Roads & Highways,Bridge,Odisha,Angul,2754,2806,2778,Internal & Extra Budgetary Resources,2020-10-05,2020-11-05,2025-11-05,2026-01-05,,99.9,99,Slight Delay,93,Approved,HAM,Deepak Engineering,,,2,2026-09-12
UR-2294,"Sewerage Package-7, Pune",Ministry of Housing & Urban Affairs,Urban Development Authority,Urban Development,Water Supply,Maharashtra,Thane,89,91,90,PPP,2019-10-05,2019-12-05,2025-12-05,,,100,99,Completed,96,Partial,EPC,Bharat Constructions,,,0,2026-08-23
RO-2295,"Bridge Package-7, Rajkot",Ministry of Road Transport & Highways,State PWD Wing,Roads & Highways,Bypass,Gujarat,Rajkot,842,847,839,PPP,2022-09-05,2022-09-05,2025-05-05,2025-06-05,,97.9,99,On Schedule,100,Approved,BOT,Garuda Infratech,,,1,2026-09-07
PE-2296,"Refinery Unit Unit-2, Nashik",Ministry of Petroleum & Natural Gas,IOCL,Petroleum & Natural Gas,Terminal,Maharashtra,Nashik,1897,1967,1934,Internal & Extra Budgetary Resources,2018-09-05,2018-10-05,2021-09-05,2021-11-05,,94.5,99,Slight Delay,96,Approved,EPC,Indus Civil Works,,,2,2026-09-06
UR-2297,"Smart City Section-8, Ernakulam",Ministry of Housing & Urban Affairs,Urban Development Authority,Urban Development,Smart City,Kerala,Kozhikode,1590,1925,1161,Budgetary Support,2022-11-05,2023-03-05,2027-06-05,2028-03-05,,59.1,83,Delayed,80,Pending,Item Rate,Chetak EPC Pvt Ltd,Adverse weather,Design revision,9,2026-09-08
PE-2298,"Terminal Phase-4, Salem",Ministry of Petroleum & Natural Gas,GAIL,Petroleum & Natural Gas,Terminal,Tamil Nadu,Coimbatore,1560,1879,1518,External Assistance,2019-11-05,2020-02-05,2026-02-05,2027-09-05,,75.6,99,Severely Delayed,82,Pending,BOT,Deepak Engineering,Land acquisition,Litigation,19,2026-08-20
WA-2299,"Dam Section-5, Dibrugarh",Ministry of Jal Shakti,State Irrigation Dept,Water Resources,Dam,Assam,Cachar,744,938,719,PPP,2019-02-05,2019-08-05,2023-09-05,2024-09-05,,75.5,99,Delayed,71,Partial,EPC,Konark EPC,Contractor performance,Adverse weather,12,2026-08-10
CI-2300,"Terminal Building Package-6, Patna",Ministry of Civil Aviation,AAICLAS,Civil Aviation,ATC Upgrade,Bihar,Muzaffarpur,645,655,648,Budgetary Support,2022-01-05,2022-03-05,2025-04-05,,,95.1,99,On Schedule,94,Approved,Item Rate,Chetak EPC Pvt Ltd,,,0,2026-09-06
TE-2301,"Tower Network Phase-5, Sundargarh",Ministry of Communications,C-DOT,Telecom,Rural Connectivity,Odisha,Angul,4058,4073,3864,External Assistance,2020-10-05,2020-10-05,2024-10-05,2024-12-05,,100,99,Completed,96,Approved,Item Rate,Bharat Constructions,,,2,2026-09-01
WA-2302,"Dam Phase-2, New Delhi",Ministry of Jal Shakti,WAPCOS,Water Resources,Flood Control,Delhi,New Delhi,2679,3050,2367,Budgetary Support,2020-07-05,2020-10-05,2023-07-05,2025-03-05,,69.7,99,Severely Delayed,78,Pending,HAM,Eastern Projects Ltd,Right of way,Right of way,20,2026-09-11
TE-2303,"Rural Connectivity Unit-8, Guntur",Ministry of Communications,C-DOT,Telecom,Data Centre,Andhra Pradesh,Visakhapatnam,4067,4189,4147,Budgetary Support,2021-07-05,2021-08-05,2024-02-05,,,99.2,99,On Schedule,98,Partial,Item Rate,Bharat Constructions,,,0,2026-08-28
PO-2304,"Solar Park Unit-3, Kurnool",Ministry of Power,NTPC,Power,Thermal,Andhra Pradesh,Kurnool,861,892,883,PPP,2019-03-05,2019-03-05,2023-01-05,2023-02-05,,99.6,99,On Schedule,97,Approved,HAM,Himalaya Builders,,,1,2026-08-21
PO-2305,"Hydro Unit-8, Mysuru",Ministry of Power,POWERGRID,Power,Transmission,Karnataka,Bengaluru Rural,3121,3233,3201,Internal & Extra Budgetary Resources,2017-06-05,2017-07-05,2022-12-05,2023-02-05,,100,99,Completed,93,Approved,HAM,Lakshmi Engineering,,,2,2026-08-26
PO-2306,"Port Connectivity Package-7, Kanpur Nagar","Ministry of Ports, Shipping & Waterways",IWAI,Ports & Shipping,Dredging,Uttar Pradesh,Kanpur Nagar,2308,2319,2104,External Assistance,2023-06-05,2023-08-05,2026-10-05,2026-11-05,,94,99,On Schedule,98,Approved,BOT,Bharat Constructions,,,1,2026-08-26
CI-2307,"Terminal Building Section-8, Nashik",Ministry of Civil Aviation,AAICLAS,Civil Aviation,Terminal Building,Maharashtra,Thane,364,365,331,External Assistance,2020-03-05,2020-04-05,2024-03-05,2024-04-05,,96.2,99,On Schedule,95,Approved,HAM,Konark EPC,,,1,2026-09-06
RO-2308,"Bypass Phase-8, Nizamabad",Ministry of Road Transport & Highways,NHAI,Roads & Highways,Expressway,Telangana,Nizamabad,4155,4322,4279,Budgetary Support,2022-07-05,2022-08-05,2025-06-05,2025-07-05,,99.2,99,On Schedule,92,Partial,BOT,Konark EPC,,,1,2026-09-07
TE-2309,"Optical Fibre Unit-8, Nagpur",Ministry of Communications,BBNL,Telecom,Tower Network,Maharashtra,Nagpur,825,1001,706,Budgetary Support,2023-02-05,2023-04-05,2026-05-05,2028-04-05,,69.4,99,Severely Delayed,59,Pending,Turnkey,Deepak Engineering,Adverse weather,Design revision,23,2026-09-03
PO-2310,"Thermal Section-2, Angul",Ministry of Power,POWERGRID,Power,Hydro,Odisha,Angul,4057,4201,4159,PPP,2022-08-05,2022-10-05,2025-09-05,,,100,99,Completed,94,Approved,Item Rate,Meghna Infra,,,0,2026-08-23
UR-2311,"Water Supply Package-2, Nizamabad",Ministry of Housing & Urban Affairs,Urban Development Authority,Urban Development,Sewerage,Telangana,Nizamabad,1317,1527,1098,Budgetary Support,2019-02-05,2019-05-05,2024-03-05,2025-11-05,,73.4,99,Severely Delayed,61,Pending,Turnkey,Bharat Constructions,Adverse weather,Design revision,20,2026-07-25
PE-2312,"City Gas Section-7, Sundargarh",Ministry of Petroleum & Natural Gas,ONGC,Petroleum & Natural Gas,City Gas,Odisha,Angul,1539,1604,1417,PPP,2022-01-05,2022-01-05,2027-07-05,,,82.5,86,On Schedule,97,Partial,BOT,Garuda Infratech,,,0,2026-08-28
CI-2313,"Cargo Complex Unit-5, Angul",Ministry of Civil Aviation,AAICLAS,Civil Aviation,Terminal Building,Odisha,Angul,868,920,786,External Assistance,2019-10-05,2020-04-05,2025-07-05,2026-03-05,,90.2,99,Delayed,92,Approved,BOT,Himalaya Builders,Utility shifting,,8,2026-09-10
TE-2314,"Data Centre Phase-8, Nashik",Ministry of Communications,BBNL,Telecom,Tower Network,Maharashtra,Thane,601,603,309,Internal & Extra Budgetary Resources,2023-08-05,2023-09-05,2029-07-05,2029-08-05,,47.6,52,On Schedule,93,Approved,HAM,Lakshmi Engineering,,,1,2026-09-15
WA-2315,"Canal Network Section-2, Nashik",Ministry of Jal Shakti,NWDA,Water Resources,Irrigation,Maharashtra,Pune,1628,1694,690,Internal & Extra Budgetary Resources,2023-11-05,2024-05-05,2029-03-05,2029-11-05,,43,49,Delayed,89,Approved,EPC,Lakshmi Engineering,Utility shifting,,8,2026-09-05
UR-2316,"Sewerage Unit-6, Sundargarh",Ministry of Housing & Urban Affairs,Municipal Corporation,Urban Development,Metro Rail,Odisha,Angul,2845,2936,2363,External Assistance,2022-05-05,2022-06-05,2027-08-05,2027-10-05,,78.6,83,Slight Delay,94,Approved,Turnkey,Indus Civil Works,,,2,2026-08-26
RO-2317,"Bridge Package-5, Salem",Ministry of Road Transport & Highways,NHIDCL,Roads & Highways,Bypass,Tamil Nadu,Salem,1203,1399,1162,External Assistance,2019-06-05,2019-09-05,2024-05-05,2025-12-05,,81.2,99,Severely Delayed,61,Pending,BOT,Lakshmi Engineering,Utility shifting,Land acquisition,19,2026-09-04
PO-2318,"Solar Park Phase-6, Nizamabad",Ministry of Power,POWERGRID,Power,Transmission,Telangana,Rangareddy,2309,2642,2242,External Assistance,2018-04-05,2018-06-05,2023-04-05,2024-01-05,,82.6,99,Delayed,65,Partial,Turnkey,Garuda Infratech,Forest/environment clearance,Funds constraint,9,2026-07-27
RO-2319,"Expressway Unit-2, Nizamabad",Ministry of Road Transport & Highways,NHAI,Roads & Highways,Bridge,Telangana,Rangareddy,2498,2518,2329,PPP,2018-03-05,2018-03-05,2023-06-05,2023-07-05,,97.4,99,On Schedule,95,Partial,HAM,Deepak Engineering,,,1,2026-08-31
UR-2320,"Water Supply Unit-3, Madurai",Ministry of Housing & Urban Affairs,Municipal Corporation,Urban Development,Metro Rail,Tamil Nadu,Coimbatore,785,795,787,Internal & Extra Budgetary Resources,2020-05-05,2020-06-05,2026-05-05,2026-06-05,,96.5,99,On Schedule,94,Approved,Item Rate,Eastern Projects Ltd,,,1,2026-09-04
PO-2321,"Berth Unit-5, Madurai","Ministry of Ports, Shipping & Waterways",Port Authority,Ports & Shipping,Berth,Tamil Nadu,Coimbatore,2328,2793,1883,External Assistance,2022-08-05,2022-11-05,2027-04-05,2028-06-05,,67.6,88,Severely Delayed,62,Partial,BOT,Garuda Infratech,Adverse weather,Land acquisition,14,2026-09-11
RA-2322,"Doubling Phase-7, Kota",Ministry of Railways,Railway Zone Unit,Railways,Doubling,Rajasthan,Kota,167,171,169,PPP,2021-08-05,2021-09-05,2025-09-05,2025-10-05,,96.3,99,On Schedule,100,Approved,EPC,Meghna Infra,,,1,2026-09-09
WA-2323,"Irrigation Section-5, Gaya",Ministry of Jal Shakti,WAPCOS,Water Resources,Irrigation,Bihar,Muzaffarpur,3512,3570,3262,Internal & Extra Budgetary Resources,2020-02-05,2020-02-05,2024-03-05,2024-04-05,,96.9,99,On Schedule,97,Approved,Turnkey,Chetak EPC Pvt Ltd,,,1,2026-09-17
PO-2324,"Terminal Unit-7, Nashik","Ministry of Ports, Shipping & Waterways",Port Authority,Ports & Shipping,Berth,Maharashtra,Pune,862,916,738,PPP,2021-12-05,2022-05-05,2027-07-05,2027-12-05,,77.8,85,Slight Delay,80,Approved,Turnkey,Deepak Engineering,Land acquisition,,5,2026-09-08
PO-2325,"Hydro Section-7, Salem",Ministry of Power,NHPC,Power,Hydro,Tamil Nadu,Madurai,3595,4562,2776,Budgetary Support,2023-04-05,2023-10-05,2027-11-05,2028-08-05,,57,73,Delayed,80,Pending,HAM,Bharat Constructions,Land acquisition,Funds constraint,9,2026-09-10
RO-2326,"National Highway Package-6, South West Delhi",Ministry of Road Transport & Highways,NHIDCL,Roads & Highways,Bypass,Delhi,New Delhi,2473,2643,1468,Internal & Extra Budgetary Resources,2022-08-05,2022-12-05,2028-09-05,2029-05-05,,58,66,Delayed,93,Partial,BOT,Meghna Infra,Contractor performance,,8,2026-08-21
CI-2327,"Runway Section-2, Dibrugarh",Ministry of Civil Aviation,Airport SPV,Civil Aviation,Cargo Complex,Assam,Nagaon,2489,2645,2605,PPP,2022-03-05,2022-09-05,2025-12-05,2026-04-05,,91.2,99,Slight Delay,95,Partial,BOT,Konark EPC,Adverse weather,,4,2026-09-13
WA-2328,"Canal Network Package-8, Jodhpur",Ministry of Jal Shakti,State Irrigation Dept,Water Resources,Dam,Rajasthan,Jaipur,2368,2656,2287,Budgetary Support,2020-09-05,2020-10-05,2026-03-05,2027-08-05,,81.5,99,Severely Delayed,64,Pending,HAM,Nirvana Projects Ltd,Utility shifting,Utility shifting,17,2026-09-08
WA-2329,"Dam Phase-3, Gorakhpur",Ministry of Jal Shakti,WAPCOS,Water Resources,Dam,Uttar Pradesh,Kanpur Nagar,387,418,362,Budgetary Support,2021-07-05,2021-12-05,2027-02-05,2027-09-05,,84.6,93,Delayed,88,Partial,EPC,Meghna Infra,Forest/environment clearance,,7,2026-09-07
PO-2330,"Solar Park Package-3, Muzaffarpur",Ministry of Power,NHPC,Power,Thermal,Bihar,Muzaffarpur,2354,2469,2344,Internal & Extra Budgetary Resources,2018-03-05,2018-05-05,2022-08-05,2022-09-05,,96.5,99,On Schedule,98,Approved,EPC,Eastern Projects Ltd,,,1,2026-09-05
PO-2331,"Terminal Phase-6, Howrah","Ministry of Ports, Shipping & Waterways",IWAI,Ports & Shipping,Terminal,West Bengal,Nadia,851,935,874,Internal & Extra Budgetary Resources,2021-03-05,2021-10-05,2026-07-05,2027-03-05,,85.6,99,Delayed,94,Approved,BOT,Bharat Constructions,Contractor performance,,8,2026-08-29
PO-2332,"Port Connectivity Section-7, Bhopal","Ministry of Ports, Shipping & Waterways",Sagarmala Unit,Ports & Shipping,Berth,Madhya Pradesh,Jabalpur,3297,3426,3216,External Assistance,2020-07-05,2020-09-05,2024-05-05,2024-06-05,,95.3,99,On Schedule,94,Approved,EPC,Chetak EPC Pvt Ltd,,,1,2026-09-02
RO-2333,"Bridge Phase-6, Nizamabad",Ministry of Road Transport & Highways,State PWD Wing,Roads & Highways,Bridge,Telangana,Rangareddy,820,1020,778,Internal & Extra Budgetary Resources,2021-01-05,2021-08-05,2024-08-05,2026-08-05,,78.6,99,Severely Delayed,74,Partial,Turnkey,Indus Civil Works,Land acquisition,Funds constraint,24,2026-08-12
PE-2334,"Pipeline Section-3, Jaipur",Ministry of Petroleum & Natural Gas,GAIL,Petroleum & Natural Gas,City Gas,Rajasthan,Jodhpur,3354,3429,3245,Budgetary Support,2019-11-05,2019-12-05,2024-06-05,2024-07-05,,95.4,99,On Schedule,98,Partial,HAM,Bharat Constructions,,,1,2026-09-09
PO-2335,"Hydro Package-2, Coimbatore",Ministry of Power,POWERGRID,Power,Thermal,Tamil Nadu,Coimbatore,4090,4236,4092,External Assistance,2020-06-05,2020-07-05,2026-07-05,2026-08-05,,95,99,On Schedule,94,Approved,EPC,Garuda Infratech,,,1,2026-08-21
PE-2336,"Terminal Unit-6, Visakhapatnam",Ministry of Petroleum & Natural Gas,ONGC,Petroleum & Natural Gas,Pipeline,Andhra Pradesh,Kurnool,1647,1715,1536,PPP,2022-12-05,2023-01-05,2027-03-05,2027-05-05,,85.1,89,Slight Delay,96,Partial,Item Rate,Meghna Infra,,,2,2026-09-17
PO-2337,"Thermal Unit-9, Gorakhpur",Ministry of Power,NHPC,Power,Thermal,Uttar Pradesh,Gorakhpur,1220,1577,600,PPP,2023-06-05,2023-12-05,2028-07-05,2029-04-05,,35,61,Delayed,79,Pending,HAM,Bharat Constructions,Funds constraint,Land acquisition,9,2026-09-15
RA-2338,"Electrification Section-3, Indore",Ministry of Railways,IRCON,Railways,Terminal,Madhya Pradesh,Jabalpur,2356,2562,2254,External Assistance,2019-01-05,2019-04-05,2023-04-05,2024-01-05,,91.8,99,Delayed,84,Partial,EPC,Nirvana Projects Ltd,Utility shifting,,9,2026-08-22
WA-2339,"Dam Unit-4, Mysuru",Ministry of Jal Shakti,WAPCOS,Water Resources,Canal Network,Karnataka,Bengaluru Rural,527,551,468,Budgetary Support,2017-12-05,2018-02-05,2020-08-05,2021-06-05,,87.5,99,Delayed,84,Partial,EPC,Aarvi Infra Ltd,Contractor performance,,10,2026-09-09
TE-2340,"Optical Fibre Package-3, Howrah",Ministry of Communications,BBNL,Telecom,Tower Network,West Bengal,Nadia,4175,5297,4425,Budgetary Support,2021-05-05,2021-08-05,2023-12-05,2025-06-05,,79.3,99,Severely Delayed,77,Partial,BOT,Bharat Constructions,Material supply,Land acquisition,18,2026-08-28
WA-2341,"Irrigation Phase-2, Kozhikode",Ministry of Jal Shakti,NWDA,Water Resources,Flood Control,Kerala,Thrissur,494,510,505,External Assistance,2018-07-05,2018-07-05,2024-02-05,,,99.9,99,On Schedule,93,Partial,Item Rate,Nirvana Projects Ltd,,,0,2026-08-27
TE-2342,"Tower Network Section-4, New Delhi",Ministry of Communications,BSNL,Telecom,Rural Connectivity,Delhi,New Delhi,2383,2712,1849,External Assistance,2020-06-05,2020-09-05,2023-07-05,2025-06-05,,72.7,99,Severely Delayed,65,Partial,BOT,Garuda Infratech,Funds constraint,Utility shifting,23,2026-08-25
PO-2343,"Dredging Phase-2, Guntur","Ministry of Ports, Shipping & Waterways",Port Authority,Ports & Shipping,Dredging,Andhra Pradesh,Kurnool,3080,3084,3053,Internal & Extra Budgetary Resources,2019-06-05,2019-07-05,2024-11-05,2025-01-05,,95.7,99,Slight Delay,98,Partial,HAM,Himalaya Builders,,,2,2026-09-16
PO-2344,"Solar Park Section-1, South West Delhi",Ministry of Power,NHPC,Power,Hydro,Delhi,South West Delhi,3058,3157,2891,External Assistance,2021-12-05,2021-12-05,2027-03-05,2027-04-05,,91.3,91,On Schedule,95,Approved,Turnkey,Bharat Constructions,,,1,2026-09-04
PE-2345,"Pipeline Phase-7, Gorakhpur",Ministry of Petroleum & Natural Gas,ONGC,Petroleum & Natural Gas,City Gas,Uttar Pradesh,Kanpur Nagar,3834,3835,3797,External Assistance,2018-09-05,2018-10-05,2024-06-05,2024-08-05,,100,99,Completed,96,Approved,HAM,Himalaya Builders,,,2,2026-08-22
RO-2346,"Bypass Package-6, Nadia",Ministry of Road Transport & Highways,NHIDCL,Roads & Highways,Bypass,West Bengal,Bardhaman,2829,2922,2877,Internal & Extra Budgetary Resources,2019-04-05,2019-05-05,2024-07-05,2024-09-05,,97.8,99,Slight Delay,94,Partial,Item Rate,Lakshmi Engineering,,,2,2026-09-05
RA-2347,"Electrification Section-9, Ernakulam",Ministry of Railways,IRCON,Railways,Terminal,Kerala,Thrissur,632,656,649,External Assistance,2021-11-05,2021-12-05,2024-12-05,,,94.6,99,On Schedule,94,Approved,EPC,Aarvi Infra Ltd,,,0,2026-09-14
PO-2348,"Port Connectivity Phase-6, Surat","Ministry of Ports, Shipping & Waterways",Port Authority,Ports & Shipping,Terminal,Gujarat,Rajkot,1764,1928,1452,External Assistance,2022-05-05,2022-06-05,2027-06-05,2028-04-05,,78.1,86,Delayed,80,Approved,HAM,Garuda Infratech,Material supply,,10,2026-08-24
TE-2349,"Data Centre Phase-5, Rajkot",Ministry of Communications,BSNL,Telecom,Rural Connectivity,Gujarat,Surat,2272,2287,2264,External Assistance,2018-08-05,2018-09-05,2023-01-05,2023-02-05,,100,99,Completed,93,Approved,Turnkey,Meghna Infra,,,1,2026-08-21
PO-2350,"Port Connectivity Phase-6, Muzaffarpur","Ministry of Ports, Shipping & Waterways",IWAI,Ports & Shipping,Port Connectivity,Bihar,Patna,3011,3614,2767,Budgetary Support,2019-06-05,2019-10-05,2025-08-05,2026-11-05,,77.8,99,Severely Delayed,67,Partial,Turnkey,Lakshmi Engineering,Material supply,Litigation,15,2026-08-31
WA-2351,"Irrigation Section-2, Cachar",Ministry of Jal Shakti,NWDA,Water Resources,Dam,Assam,Cachar,1740,1787,1714,PPP,2020-01-05,2020-03-05,2023-02-05,2023-03-05,,95.4,99,On Schedule,100,Approved,EPC,Garuda Infratech,,,1,2026-09-08
RO-2352,"Expressway Package-6, Thane",Ministry of Road Transport & Highways,State PWD Wing,Roads & Highways,Bridge,Maharashtra,Pune,3632,3711,2307,Budgetary Support,2023-08-05,2023-08-05,2028-08-05,,,63.1,63,On Schedule,99,Approved,EPC,Nirvana Projects Ltd,,,0,2026-08-31
CI-2353,"ATC Upgrade Section-2, Visakhapatnam",Ministry of Civil Aviation,AAICLAS,Civil Aviation,ATC Upgrade,Andhra Pradesh,Visakhapatnam,3423,3460,3419,Budgetary Support,2018-04-05,2018-06-05,2021-05-05,2021-06-05,,98.6,99,On Schedule,98,Approved,BOT,Chetak EPC Pvt Ltd,,,1,2026-09-18
PO-2354,"Transmission Section-7, Howrah",Ministry of Power,NHPC,Power,Thermal,West Bengal,Howrah,1194,1390,957,PPP,2019-09-05,2019-11-05,2023-10-05,2024-07-05,,71.6,99,Delayed,81,Pending,Turnkey,Himalaya Builders,Adverse weather,Funds constraint,9,2026-09-05
RA-2355,"Electrification Section-7, Kanpur Nagar",Ministry of Railways,Railway Zone Unit,Railways,New Line,Uttar Pradesh,Gorakhpur,3063,3066,3035,Budgetary Support,2021-05-05,2021-07-05,2024-09-05,2024-11-05,,96.7,99,Slight Delay,94,Approved,Item Rate,Deepak Engineering,,,2,2026-09-19
RA-2356,"New Line Section-4, Kanpur Nagar",Ministry of Railways,IRCON,Railways,Doubling,Uttar Pradesh,Kanpur Nagar,617,722,555,PPP,2021-11-05,2022-02-05,2025-02-05,2025-11-05,,76.8,99,Delayed,63,Partial,Item Rate,Himalaya Builders,Land acquisition,Right of way,9,2026-08-15
CI-2357,"Cargo Complex Unit-1, Angul",Ministry of Civil Aviation,Airport SPV,Civil Aviation,Terminal Building,Odisha,Angul,1369,1375,1352,PPP,2020-06-05,2020-08-05,2024-12-05,2025-02-05,,100,99,Completed,98,Approved,Turnkey,Garuda Infratech,,,2,2026-09-08
UR-2358,"Sewerage Phase-4, Bardhaman",Ministry of Housing & Urban Affairs,Metro Rail Corporation,Urban Development,Metro Rail,West Bengal,Howrah,2521,3166,2645,Internal & Extra Budgetary Resources,2023-07-05,2023-09-05,2026-09-05,2028-03-05,,77.2,99,Severely Delayed,56,Partial,Item Rate,Aarvi Infra Ltd,Forest/environment clearance,Material supply,18,2026-08-23
PE-2359,"Pipeline Unit-5, Patna",Ministry of Petroleum & Natural Gas,GAIL,Petroleum & Natural Gas,Terminal,Bihar,Muzaffarpur,3478,3828,3297,External Assistance,2022-03-05,2022-07-05,2027-05-05,2027-09-05,,81.7,87,Slight Delay,93,Partial,Item Rate,Aarvi Infra Ltd,Forest/environment clearance,,4,2026-08-26
UR-2360,"Water Supply Phase-3, Patna",Ministry of Housing & Urban Affairs,Municipal Corporation,Urban Development,Sewerage,Bihar,Muzaffarpur,3981,4206,3541,Budgetary Support,2017-11-05,2018-03-05,2023-10-05,2024-04-05,,90,99,Delayed,88,Approved,EPC,Chetak EPC Pvt Ltd,Design revision,,6,2026-08-27
TE-2361,"Tower Network Phase-3, New Delhi",Ministry of Communications,BBNL,Telecom,Rural Connectivity,Delhi,New Delhi,1330,1504,1060,PPP,2018-11-05,2019-03-05,2022-01-05,2023-02-05,,69.1,99,Severely Delayed,64,Pending,HAM,Konark EPC,Material supply,Right of way,13,2026-08-11
PE-2362,"City Gas Package-6, Rajkot",Ministry of Petroleum & Natural Gas,IOCL,Petroleum & Natural Gas,Pipeline,Gujarat,Rajkot,3500,3723,3563,Budgetary Support,2018-10-05,2019-03-05,2025-01-05,2025-11-05,,91,99,Delayed,87,Partial,HAM,Bharat Constructions,Litigation,,10,2026-08-21
CI-2363,"Terminal Building Section-7, Pune",Ministry of Civil Aviation,AAI,Civil Aviation,Runway,Maharashtra,Nagpur,3690,3743,3560,Budgetary Support,2018-10-05,2018-12-05,2023-03-05,2023-05-05,,100,99,Completed,96,Approved,EPC,Bharat Constructions,,,2,2026-08-31
RA-2364,"Electrification Phase-5, Cachar",Ministry of Railways,Railway Zone Unit,Railways,Doubling,Assam,Nagaon,3190,3296,3154,External Assistance,2022-03-05,2022-03-05,2025-03-05,2025-04-05,,97.9,99,On Schedule,93,Partial,EPC,Konark EPC,,,1,2026-08-20
TE-2365,"Optical Fibre Unit-1, Nagaon",Ministry of Communications,C-DOT,Telecom,Data Centre,Assam,Kamrup,2390,2412,2241,Budgetary Support,2018-05-05,2018-05-05,2024-01-05,2024-02-05,,98,99,On Schedule,92,Approved,EPC,Konark EPC,,,1,2026-08-31
TE-2366,"Rural Connectivity Package-1, Howrah",Ministry of Communications,BSNL,Telecom,Data Centre,West Bengal,Bardhaman,1087,1132,1092,Internal & Extra Budgetary Resources,2020-11-05,2020-12-05,2023-05-05,2023-07-05,,95.7,99,Slight Delay,98,Approved,Turnkey,Nirvana Projects Ltd,,,2,2026-09-05
UR-2367,"Sewerage Phase-8, Guntur",Ministry of Housing & Urban Affairs,Urban Development Authority,Urban Development,Metro Rail,Andhra Pradesh,Kurnool,2751,2824,2796,Internal & Extra Budgetary Resources,2017-11-05,2017-12-05,2021-05-05,2021-07-05,,100,99,Completed,94,Partial,HAM,Lakshmi Engineering,,,2,2026-08-23
PE-2368,"City Gas Phase-3, Dibrugarh",Ministry of Petroleum & Natural Gas,IOCL,Petroleum & Natural Gas,Refinery Unit,Assam,Cachar,1338,1374,1360,Internal & Extra Budgetary Resources,2021-03-05,2021-04-05,2025-12-05,2026-01-05,,96.9,99,On Schedule,100,Approved,EPC,Indus Civil Works,,,1,2026-09-19
PO-2369,"Dredging Package-5, Nagaon","Ministry of Ports, Shipping & Waterways",IWAI,Ports & Shipping,Dredging,Assam,Cachar,2815,2946,2594,External Assistance,2017-08-05,2018-03-05,2022-04-05,2022-10-05,,87.8,99,Delayed,96,Partial,Turnkey,Bharat Constructions,Design revision,,6,2026-08-31
PO-2370,"Terminal Unit-2, Nashik","Ministry of Ports, Shipping & Waterways",IWAI,Ports & Shipping,Berth,Maharashtra,Nagpur,1000,1260,1025,PPP,2018-09-05,2019-04-05,2024-02-05,2025-06-05,,82.8,99,Severely Delayed,75,Pending,Item Rate,Lakshmi Engineering,Contractor performance,Material supply,16,2026-08-15
PE-2371,"Refinery Unit Unit-2, Warangal",Ministry of Petroleum & Natural Gas,GAIL,Petroleum & Natural Gas,City Gas,Telangana,Warangal,4103,4570,4066,External Assistance,2022-05-05,2022-11-05,2026-04-05,2026-09-05,,92,99,Slight Delay,82,Approved,BOT,Aarvi Infra Ltd,Material supply,,5,2026-08-20
RO-2372,"Bridge Unit-2, Rangareddy",Ministry of Road Transport & Highways,NHIDCL,Roads & Highways,Bypass,Telangana,Rangareddy,523,533,528,PPP,2021-11-05,2021-12-05,2027-01-05,,,96.6,94,On Schedule,100,Partial,Turnkey,Himalaya Builders,,,0,2026-08-29
WA-2373,"Irrigation Phase-7, Bhopal",Ministry of Jal Shakti,NWDA,Water Resources,Dam,Madhya Pradesh,Indore,1294,1368,1121,Budgetary Support,2019-08-05,2020-01-05,2025-10-05,2026-08-05,,86.3,99,Delayed,88,Partial,Turnkey,Aarvi Infra Ltd,Forest/environment clearance,,10,2026-09-06
PE-2374,"Refinery Unit Package-7, Surat",Ministry of Petroleum & Natural Gas,ONGC,Petroleum & Natural Gas,Pipeline,Gujarat,Kutch,2260,2449,1838,PPP,2023-02-05,2023-08-05,2026-12-05,2027-06-05,,80.7,94,Delayed,93,Partial,Turnkey,Himalaya Builders,Land acquisition,,6,2026-09-09
CI-2375,"Cargo Complex Unit-1, Warangal",Ministry of Civil Aviation,Airport SPV,Civil Aviation,ATC Upgrade,Telangana,Nizamabad,3868,4181,3374,Internal & Extra Budgetary Resources,2022-01-05,2022-07-05,2027-07-05,2028-04-05,,78.5,84,Delayed,82,Partial,BOT,Deepak Engineering,Contractor performance,,9,2026-09-18
PO-2376,"Berth Section-8, Nagpur","Ministry of Ports, Shipping & Waterways",Sagarmala Unit,Ports & Shipping,Dredging,Maharashtra,Nagpur,2340,2965,2088,Budgetary Support,2018-03-05,2018-08-05,2022-07-05,2023-04-05,,72.7,99,Delayed,59,Pending,Item Rate,Lakshmi Engineering,Adverse weather,Litigation,9,2026-07-30
RA-2377,"New Line Phase-8, Salem",Ministry of Railways,RVNL,Railways,Terminal,Tamil Nadu,Salem,3323,3369,3335,External Assistance,2018-09-05,2018-10-05,2023-11-05,2023-12-05,,100,99,Completed,97,Partial,HAM,Konark EPC,,,1,2026-09-03
RA-2378,"Doubling Section-9, Belagavi",Ministry of Railways,Railway Zone Unit,Railways,Doubling,Karnataka,Bengaluru Rural,883,903,870,External Assistance,2021-05-05,2021-07-05,2024-09-05,,,94.6,99,On Schedule,98,Approved,BOT,Nirvana Projects Ltd,,,0,2026-09-12
CI-2379,"ATC Upgrade Unit-7, Varanasi",Ministry of Civil Aviation,AAI,Civil Aviation,Runway,Uttar Pradesh,Varanasi,1942,1984,1964,Internal & Extra Budgetary Resources,2022-09-05,2022-11-05,2026-02-05,,,98.4,99,On Schedule,99,Partial,Item Rate,Indus Civil Works,,,0,2026-09-18
UR-2380,"Sewerage Unit-8, Salem",Ministry of Housing & Urban Affairs,Urban Development Authority,Urban Development,Water Supply,Tamil Nadu,Salem,1485,1522,1507,Internal & Extra Budgetary Resources,2021-03-05,2021-04-05,2024-03-05,2024-04-05,,94.1,99,On Schedule,95,Partial,Turnkey,Chetak EPC Pvt Ltd,,,1,2026-09-16
RO-2381,"National Highway Unit-7, Kozhikode",Ministry of Road Transport & Highways,NHAI,Roads & Highways,Expressway,Kerala,Thrissur,3459,3482,2037,External Assistance,2023-09-05,2023-10-05,2028-08-05,2028-09-05,,59.5,61,On Schedule,94,Partial,EPC,Garuda Infratech,,,1,2026-08-29
PO-2382,"Port Connectivity Section-4, Patna","Ministry of Ports, Shipping & Waterways",Port Authority,Ports & Shipping,Berth,Bihar,Muzaffarpur,757,766,758,Budgetary Support,2021-02-05,2021-03-05,2024-03-05,2024-05-05,,100,99,Completed,97,Partial,EPC,Aarvi Infra Ltd,,,2,2026-09-14
TE-2383,"Tower Network Phase-5, Salem",Ministry of Communications,BBNL,Telecom,Data Centre,Tamil Nadu,Madurai,1802,1892,1814,Internal & Extra Budgetary Resources,2018-08-05,2018-09-05,2024-08-05,2024-10-05,,96.9,99,Slight Delay,96,Approved,Turnkey,Bharat Constructions,,,2,2026-09-13
PO-2384,"Terminal Package-8, Gorakhpur","Ministry of Ports, Shipping & Waterways",Port Authority,Ports & Shipping,Berth,Uttar Pradesh,Gorakhpur,3382,3623,3365,Internal & Extra Budgetary Resources,2018-02-05,2018-06-05,2022-02-05,2022-06-05,,89.4,99,Slight Delay,91,Partial,Item Rate,Himalaya Builders,Contractor performance,,4,2026-09-18
PO-2385,"Solar Park Package-4, Salem",Ministry of Power,NTPC,Power,Hydro,Tamil Nadu,Madurai,1691,2157,1388,External Assistance,2021-05-05,2021-08-05,2026-11-05,2027-07-05,,70.2,98,Delayed,75,Pending,EPC,Bharat Constructions,Forest/environment clearance,Contractor performance,8,2026-08-07
CI-2386,"Cargo Complex Phase-3, Kozhikode",Ministry of Civil Aviation,AAICLAS,Civil Aviation,Runway,Kerala,Ernakulam,673,683,676,Internal & Extra Budgetary Resources,2021-11-05,2021-12-05,2025-11-05,2025-12-05,,100,99,Completed,99,Approved,Turnkey,Deepak Engineering,,,1,2026-09-07
PO-2387,"Hydro Unit-1, Mysuru",Ministry of Power,POWERGRID,Power,Solar Park,Karnataka,Mysuru,3891,4318,3736,External Assistance,2018-02-05,2018-07-05,2020-12-05,2021-08-05,,90.2,99,Delayed,91,Partial,HAM,Deepak Engineering,Adverse weather,,8,2026-08-31
TE-2388,"Data Centre Unit-4, Varanasi",Ministry of Communications,C-DOT,Telecom,Rural Connectivity,Uttar Pradesh,Varanasi,3368,3402,3368,PPP,2022-01-05,2022-03-05,2024-07-05,2024-09-05,,94.9,99,Slight Delay,96,Partial,Item Rate,Meghna Infra,,,2,2026-09-13
TE-2389,"Rural Connectivity Section-6, Indore",Ministry of Communications,C-DOT,Telecom,Rural Connectivity,Madhya Pradesh,Indore,3273,4218,3316,PPP,2018-06-05,2018-12-05,2021-06-05,2023-03-05,,74.2,99,Severely Delayed,68,Partial,Turnkey,Konark EPC,Adverse weather,Litigation,21,2026-09-15
UR-2390,"Water Supply Package-6, Jaipur",Ministry of Housing & Urban Affairs,Metro Rail Corporation,Urban Development,Water Supply,Rajasthan,Kota,489,489,464,Internal & Extra Budgetary Resources,2023-02-05,2023-02-05,2025-09-05,2025-10-05,,97,99,On Schedule,93,Partial,BOT,Bharat Constructions,,,1,2026-08-28
UR-2391,"Smart City Unit-3, Gaya",Ministry of Housing & Urban Affairs,Municipal Corporation,Urban Development,Metro Rail,Bihar,Gaya,637,658,649,Budgetary Support,2022-02-05,2022-03-05,2027-02-05,2027-03-05,,93.2,92,On Schedule,93,Approved,Turnkey,Indus Civil Works,,,1,2026-09-13
CI-2392,"Terminal Building Section-7, Pune",Ministry of Civil Aviation,AAI,Civil Aviation,Cargo Complex,Maharashtra,Thane,3951,4973,4009,Internal & Extra Budgetary Resources,2022-08-05,2022-12-05,2025-12-05,2027-02-05,,79.8,99,Severely Delayed,78,Partial,HAM,Himalaya Builders,Forest/environment clearance,Forest/environment clearance,14,2026-09-03
PO-2393,"Dredging Unit-7, Muzaffarpur","Ministry of Ports, Shipping & Waterways",Port Authority,Ports & Shipping,Dredging,Bihar,Muzaffarpur,1599,1872,1606,External Assistance,2020-03-05,2020-09-05,2024-08-05,2025-09-05,,79.7,99,Severely Delayed,62,Pending,BOT,Indus Civil Works,Adverse weather,Material supply,13,2026-08-09
WA-2394,"Dam Package-6, Kamrup",Ministry of Jal Shakti,NWDA,Water Resources,Flood Control,Assam,Cachar,3114,3142,3027,External Assistance,2018-05-05,2018-06-05,2022-11-05,2022-12-05,,94.3,99,On Schedule,99,Approved,HAM,Himalaya Builders,,,1,2026-09-09
RO-2395,"Bridge Phase-3, Salem",Ministry of Road Transport & Highways,NHAI,Roads & Highways,Bypass,Tamil Nadu,Coimbatore,3428,3498,3463,Budgetary Support,2020-03-05,2020-05-05,2024-02-05,2024-03-05,,98.6,99,On Schedule,96,Approved,HAM,Deepak Engineering,,,1,2026-09-04
TE-2396,"Data Centre Unit-3, Gaya",Ministry of Communications,BBNL,Telecom,Rural Connectivity,Bihar,Gaya,2582,3097,2416,External Assistance,2021-06-05,2021-08-05,2024-04-05,2025-04-05,,75.1,99,Delayed,68,Partial,Turnkey,Bharat Constructions,Litigation,Contractor performance,12,2026-08-05
RA-2397,"Terminal Unit-7, Ernakulam",Ministry of Railways,IRCON,Railways,Electrification,Kerala,Kozhikode,1198,1442,1246,PPP,2018-05-05,2018-06-05,2021-09-05,2022-07-05,,82.8,99,Delayed,82,Partial,EPC,Chetak EPC Pvt Ltd,Right of way,Right of way,10,2026-07-31
WA-2398,"Irrigation Unit-8, Sundargarh",Ministry of Jal Shakti,State Irrigation Dept,Water Resources,Canal Network,Odisha,Khordha,1996,2014,1994,External Assistance,2019-02-05,2019-02-05,2021-11-05,2022-01-05,,94.1,99,Slight Delay,97,Approved,Turnkey,Konark EPC,,,2,2026-09-17
RO-2399,"Expressway Phase-5, Kanpur Nagar",Ministry of Road Transport & Highways,State PWD Wing,Roads & Highways,Bypass,Uttar Pradesh,Gorakhpur,4159,4280,3744,Internal & Extra Budgetary Resources,2021-10-05,2021-11-05,2027-06-05,,,82.7,87,On Schedule,94,Approved,HAM,Indus Civil Works,,,0,2026-09-10
CI-2400,"Runway Unit-7, New Delhi",Ministry of Civil Aviation,AAICLAS,Civil Aviation,Cargo Complex,Delhi,New Delhi,916,950,900,External Assistance,2018-07-05,2018-07-05,2021-11-05,,,99.9,99,On Schedule,93,Partial,Turnkey,Aarvi Infra Ltd,,,0,2026-08-22
